1,5309,1.0,0
1,2023,1.0,0
1,9295,50.0,0
1,2027,1.0,0
1,2024,0.3,200
1,5310,1.0,0
1,6121,1.0,0
1,2026,0.3,200
1,2025,1.0,0
1,2022,1.0,0
1,2021,1.0,0
1,11528,50.0,0
1,2246,50.0,0
1,9811,15.0,0
1,8060,5.0,0
1,12324,10.0,0
2,9295,50.0,0
2,5309,1.0,0
2,2023,1.0,0
2,5310,1.0,0
2,2024,0.3,200
2,2025,1.0,0
2,2026,0.3,200
2,2021,1.0,0
2,3812,1.0,0
2,2022,1.0,0
2,11528,50.0,0
2,2246,50.0,0
2,9811,15.0,0
2,8060,5.0,0
2,12324,10.0,0
3,2696,50.0,0
3,3599,1.0,0
3,5309,1.0,0
3,2023,1.0,0
3,2024,0.3,200
3,5310,1.0,0
3,2026,0.3,200
3,2025,1.0,0
3,2022,1.0,0
3,2021,1.0,0
3,11528,50.0,0
3,2246,50.0,0
3,9811,15.0,0
3,8060,5.0,0
3,8272,5.0,0
3,12324,10.0,0
4,5311,1.0,0
4,2041,1.0,0
4,2089,1.0,0
4,2038,0.3,200
4,6572,1.0,0
4,2039,1.0,0
4,2040,0.3,200
4,2036,1.0,0
4,2035,1.0,0
4,2254,50.0,0
4,8078,25.0,0
4,2676,1.0,0
4,9811,10.0,0
4,12781,5.0,0
4,12324,10.0,0
5,5311,1.0,0
5,2041,1.0,0
5,2089,1.0,0
5,2038,0.3,200
5,2198,1.0,0
5,2039,1.0,0
5,2040,0.3,200
5,2035,1.0,0
5,2036,1.0,0
5,6571,1.0,0
5,2254,50.0,0
5,8078,25.0,0
5,9811,10.0,0
5,12781,5.0,0
5,12324,10.0,0
6,2041,1.0,0
6,5311,1.0,0
6,2089,1.0,0
6,2038,0.3,200
6,2039,1.0,0
6,2040,0.3,200
6,6570,1.0,0
6,2035,1.0,0
6,2036,1.0,0
6,2254,50.0,0
6,8078,25.0,0
6,9811,10.0,0
6,12781,5.0,0
6,12324,10.0,0
39,9295,50.0,0
39,5309,1.0,0
39,2023,1.0,0
39,5310,1.0,0
39,2024,0.3,200
39,2025,1.0,0
39,2026,0.3,200
39,2021,1.0,0
39,3812,1.0,0
39,2022,1.0,0
39,11528,50.0,0
39,2246,50.0,0
39,9811,15.0,0
39,8060,5.0,0
39,12324,10.0,0
40,14582,1.0,0
40,14571,1.0,0
40,14626,1.0,0
40,14612,1.0,0
40,14589,1.0,0
40,14619,1.0,0
40,6781,3.0,200
40,6788,3.0,200
40,6780,1.0,400
40,6782,1.0,400
40,6785,3.0,200
40,6783,3.0,200
40,8403,5.0,200
40,9295,25.0,0
40,11528,25.0,0
40,2246,25.0,0
40,12687,100.0,0
40,4266,0.1,400
40,4264,0.1,400
40,4263,1.0,200
40,4262,0.1,400
40,14337,1.0,0
40,12324,10.0,0
41,9295,50.0,0
41,2023,1.0,0
41,5309,1.0,0
41,5310,1.0,0
41,2024,0.3,200
41,2026,0.3,200
41,2025,1.0,0
41,2021,1.0,0
41,2022,1.0,0
41,2058,1.0,0
41,2246,50.0,0
41,11528,50.0,0
41,2057,1.0,0
41,9811,15.0,0
41,8060,5.0,0
41,12324,10.0,0
42,14121,0.6,600
42,14125,0.7,400
42,14124,0.7,400
42,14122,0.7,400
42,14123,0.7,400
42,14120,0.6,600
42,14119,0.6,600
42,14126,100.0,0
42,4263,2.0,200
42,4262,1.3,400
42,14337,3.0,0
42,4264,1.3,400
42,14165,100.0,0
42,4266,1.3,400
44,14606,1.0,0
44,14583,1.0,0
44,14560,1.0,0
44,14590,1.0,0
44,14621,1.0,0
44,14572,1.0,0
44,9489,3.0,200
44,9253,3.0,200
44,9507,3.0,200
44,9392,3.0,200
44,9483,1.0,400
44,9495,3.0,200
44,9255,5.0,200
44,9256,25.0,0
44,9257,3.0,200
44,4266,0.1,400
44,14337,1.0,0
44,12686,100.0,0
44,4262,0.1,400
44,4263,1.0,200
44,4264,0.1,400
44,8272,80.0,0
44,12324,10.0,0
52,9493,1.0,0
52,9488,1.0,0
52,9478,0.3,200
52,9503,1.0,0
52,9499,1.0,0
52,11529,50.0,0
52,8081,25.0,0
52,9811,10.0,0
52,9292,5.0,0
52,12324,10.0,0
54,2709,35.0,0
54,11030,1.0,0
54,11028,1.0,0
54,9493,1.0,0
54,9488,1.0,0
54,9478,0.3,200
54,9503,1.0,0
54,9499,1.0,0
54,11529,35.0,0
54,8081,25.0,0
54,9811,2.5,0
54,9292,5.0,0
54,12324,1.0,0
55,11023,1.0,400
55,11024,3.0,200
55,11025,3.0,200
55,11022,3.0,200
55,11021,3.0,200
55,11026,3.0,200
55,4263,1.0,200
55,4266,0.1,400
55,4264,0.1,400
55,4262,0.1,400
55,12324,10.0,0
57,2709,35.0,0
57,11030,1.0,0
57,11028,1.0,0
57,9493,1.0,0
57,9488,1.0,0
57,9478,0.3,200
57,9503,1.0,0
57,9499,1.0,0
57,8081,25.0,0
57,11529,35.0,0
57,9292,5.0,0
57,9811,2.5,0
57,12324,1.0,0
58,2709,35.0,0
58,11030,1.0,0
58,11028,1.0,0
58,9493,1.0,0
58,9488,1.0,0
58,9478,0.3,200
58,9503,1.0,0
58,9499,1.0,0
58,8081,25.0,0
58,11529,35.0,0
58,9292,5.0,0
58,9811,2.5,0
58,12324,1.0,0
75,4502,50.0,0
75,2281,25.0,0
75,9898,0.1,0
75,9811,5.0,0
86,2702,50.0,0
86,6361,50.0,0
86,9863,5.0,0
86,9811,10.0,0
87,2298,5.0,0
87,7055,2.0,0
87,7034,2.0,0
87,2310,5.0,0
87,6361,50.0,0
87,2306,5.0,0
87,2702,50.0,0
87,2294,2.0,0
87,9811,10.0,0
87,11889,25.0,0
87,9863,5.0,0
88,2299,5.0,0
88,7056,2.0,0
88,7030,2.0,0
88,2311,5.0,0
88,6361,50.0,0
88,2307,5.0,0
88,2702,50.0,0
88,2295,2.0,0
88,9811,10.0,0
88,11888,25.0,0
88,9863,5.0,0
90,2301,5.0,0
90,7041,2.0,0
90,7030,2.0,0
90,2313,5.0,0
90,6361,50.0,0
90,2309,5.0,0
90,2702,50.0,0
90,2297,2.0,0
90,9811,10.0,0
90,11891,25.0,0
90,9863,5.0,0
94,11020,1.0,0
94,11019,1.0,0
94,9506,1.0,0
94,9500,1.0,0
94,9479,0.3,200
94,9556,1.0,0
94,9554,1.0,0
94,3896,35.0,0
94,8079,35.0,0
94,9793,1.0,200
94,10389,5.0,0
94,12324,1.0,0
95,11020,1.0,0
95,11019,1.0,0
95,9506,1.0,0
95,8080,35.0,0
95,9500,1.0,0
95,9479,0.3,200
95,9556,1.0,0
95,9554,1.0,0
95,9793,1.0,200
95,10389,5.0,0
95,12324,1.0,0
122,4502,50.0,0
122,2281,25.0,0
122,9898,0.1,0
122,9811,5.0,0
123,6257,25.0,0
123,5407,50.0,0
123,14832,0.3,200
123,14831,0.3,200
123,14966,0.3,200
123,14970,0.3,200
123,14974,1.0,0
123,14978,1.0,0
123,14982,1.0,0
123,14833,5.0,0
124,6257,25.0,0
124,5407,50.0,0
124,14832,0.3,0
124,14831,0.3,0
124,14969,0.3,200
124,14973,0.3,200
124,14977,1.0,0
124,14981,1.0,0
124,14985,1.0,0
124,14833,5.0,0
125,6257,25.0,0
125,5407,50.0,0
125,14832,0.3,0
125,14831,0.3,0
125,14968,0.3,200
125,14972,0.3,200
125,14976,1.0,0
125,14980,1.0,0
125,14984,1.0,0
125,14833,5.0,0
135,11020,1.0,0
135,11019,1.0,0
135,9506,1.0,0
135,9500,1.0,0
135,9479,0.3,200
135,9556,1.0,0
135,9554,1.0,0
135,3896,50.0,0
135,8079,50.0,0
135,9793,1.0,200
135,10389,5.0,0
135,12324,10.0,0
138,12324,10.0,0
144,11020,1.0,0
144,11019,1.0,0
144,9506,1.0,0
144,8080,35.0,0
144,9500,1.0,0
144,9479,0.3,200
144,9556,1.0,0
144,9554,1.0,0
144,9793,1.0,200
144,10389,5.0,0
144,12324,1.0,0
271,2300,5.0,0
271,7055,2.0,0
271,7048,2.0,0
271,2312,5.0,0
271,6361,50.0,0
271,2308,5.0,0
271,2702,50.0,0
271,2296,2.0,0
271,9811,10.0,0
271,11890,25.0,0
271,9863,5.0,0
272,2702,50.0,0
272,6361,50.0,0
272,9863,5.0,0
272,9811,10.0,0
280,9393,0.3,200
280,9491,0.3,200
280,9511,1.0,0
280,9497,1.0,0
280,9502,0.3,200
280,9486,0.1,400
280,9801,1.0,200
280,3753,35.0,0
280,4183,35.0,0
280,12324,1.0,0
281,9393,0.3,200
281,9491,0.3,200
281,9511,1.0,0
281,9497,1.0,0
281,9502,0.3,200
281,9486,0.1,400
281,8085,1.0,200
281,9801,1.0,200
281,3753,35.0,0
281,4183,35.0,0
281,12324,1.0,0
282,9393,0.3,200
282,9491,0.3,200
282,9511,1.0,0
282,9497,1.0,0
282,9502,0.3,200
282,9486,0.1,400
282,9801,1.0,200
282,3753,35.0,0
282,4183,35.0,0
282,12324,1.0,0
326,9641,1.0,0
326,8179,25.0,0
326,11067,1.0,0
326,11064,0.3,200
326,11065,1.0,0
326,11066,1.0,0
326,9646,1.0,0
326,9264,5.0,0
326,12324,1.0,0
348,5528,35.0,0
348,5690,25.0,0
348,10316,1.0,0
348,10318,0.3,200
348,10315,1.0,0
348,10317,1.0,0
394,9401,0.3,200
394,9682,0.3,200
394,9683,0.3,200
394,9681,1.0,0
394,9680,0.3,200
394,4146,1.0,0
394,14855,0.3,0
394,9305,0.3,200
394,14853,0.3,0
394,9353,0.3,200
394,14856,0.3,0
394,14854,0.3,0
394,5568,25.0,0
394,4181,35.0,0
394,14858,5.0,0
394,9613,0.3,200
394,12324,1.0,0
395,9401,0.3,200
395,9683,0.3,200
395,9682,0.3,200
395,9681,1.0,0
395,9680,0.3,200
395,4146,1.0,0
395,14853,0.3,0
395,14855,0.3,0
395,9305,0.3,200
395,9353,0.3,200
395,14856,0.3,0
395,14854,0.3,0
395,5568,25.0,0
395,8084,1.0,200
395,4181,35.0,0
395,14858,5.0,0
395,9613,0.3,200
395,12324,1.0,0
396,9401,0.3,200
396,9683,0.3,200
396,9682,0.3,200
396,9681,1.0,0
396,9680,0.3,200
396,4146,1.0,0
396,14855,0.3,0
396,9305,0.3,200
396,9353,0.3,200
396,14853,0.3,0
396,14854,0.3,0
396,14856,0.3,0
396,5568,25.0,0
396,8084,1.0,200
396,4181,35.0,0
396,14858,5.0,0
396,9613,0.3,200
396,12324,1.0,0
458,9641,1.0,0
458,8181,35.0,0
458,11067,1.0,0
458,8179,25.0,0
458,11064,0.3,200
458,11065,1.0,0
458,11066,1.0,0
458,9646,1.0,0
458,9264,5.0,0
458,12324,1.0,0
464,8182,25.0,0
464,9641,1.0,0
464,8179,25.0,0
464,11067,1.0,0
464,11064,0.3,200
464,11065,1.0,0
464,11066,1.0,0
464,9646,1.0,0
464,9264,5.0,0
464,12324,1.0,0
641,4502,50.0,0
641,2281,25.0,0
641,9898,0.1,0
641,9811,5.0,0
677,4502,50.0,0
677,2281,25.0,0
677,9898,0.1,0
677,9811,5.0,0
692,10042,2.0,0
692,11003,2.0,0
692,11001,2.0,0
692,11002,2.0,0
692,8091,2.0,0
692,8092,2.0,0
692,10955,2.0,0
692,4502,25.0,0
692,2281,10.0,0
692,9792,10.0,0
692,9898,0.1,0
692,10588,1.0,0
692,12324,10.0,0
704,5311,1.0,0
704,2041,1.0,0
704,2037,1.0,0
704,2038,0.3,200
704,2089,1.0,0
704,2040,0.3,200
704,2039,1.0,0
704,2036,1.0,0
704,2035,1.0,0
704,2254,50.0,0
704,8078,25.0,0
704,2090,1.0,0
704,9811,10.0,0
704,12781,5.0,0
704,15314,5.0,0
704,12324,10.0,0
735,6257,25.0,0
735,5407,50.0,0
735,14833,5.0,0
785,6257,25.0,0
785,5407,50.0,0
785,14832,0.3,0
785,14831,0.3,0
785,9298,0.3,200
785,9480,0.3,200
785,4229,1.0,0
785,4248,1.0,0
785,9398,1.0,0
785,14833,5.0,0
792,15332,0.3,200
792,15331,0.3,200
792,9490,1.0,0
792,9508,2.5,0
792,5413,25.0,0
792,9505,1.0,0
792,9485,0.3,200
792,5411,35.0,0
792,5412,25.0,0
792,15334,5.0,0
793,15332,0.3,200
793,15331,0.3,200
793,9490,1.0,0
793,9508,2.5,0
793,5413,25.0,0
793,9505,1.0,0
793,9485,0.3,200
793,5411,35.0,0
793,5412,25.0,0
793,15334,5.0,0
795,15332,0.3,200
795,15331,0.3,200
795,9490,1.0,0
795,9508,2.5,0
795,5413,25.0,0
795,9505,1.0,0
795,9485,0.3,200
795,5411,35.0,0
795,5412,25.0,0
795,15334,5.0,0
802,4502,50.0,0
802,2281,25.0,0
802,9898,0.1,0
802,9811,5.0,0
833,12128,0.5,0
833,9477,2.0,0
833,9487,5.0,0
833,9498,5.0,0
833,9509,5.0,0
833,6363,50.0,0
833,6253,25.0,0
833,9512,5.0,0
833,9492,2.0,0
833,9811,10.0,0
833,12778,5.0,0
833,8062,5.0,0
833,12324,10.0,0
857,7119,10.0,0
857,6819,10.0,0
857,6816,10.0,0
857,6823,10.0,0
857,7121,10.0,0
857,7120,10.0,0
901,9655,1.0,0
901,11576,1.0,0
901,11573,1.0,0
901,8178,35.0,0
901,8180,25.0,0
901,9557,25.0,0
901,8223,5.0,0
901,12324,1.0,0
1070,9655,1.0,0
1070,11576,1.0,0
1070,11573,1.0,0
1070,8178,35.0,0
1070,9557,25.0,0
1070,8223,5.0,0
1070,12324,1.0,0
1112,4502,50.0,0
1112,2281,25.0,0
1112,8093,2.0,0
1132,11070,0.3,200
1132,8226,1.0,200
1132,11071,0.3,200
1132,11068,1.0,0
1132,8225,35.0,0
1132,8223,5.0,0
1132,12324,1.0,0
1135,8226,1.0,200
1135,11071,0.3,200
1135,11068,1.0,0
1135,11069,1.0,0
1135,8225,35.0,0
1135,8223,5.0,0
1135,12324,1.0,0
1136,8196,100.0,0
1152,12482,1.0,0
1152,12462,0.3,200
1152,12454,0.3,200
1152,12458,1.0,0
1152,12481,0.3,200
1152,8258,0.1,400
1152,12461,1.0,0
1152,12480,2.5,0
1152,12457,0.3,200
1152,8259,0.3,200
1152,12459,2.5,0
1152,12456,0.3,200
1152,8257,0.3,0
1152,12460,1.0,0
1152,5437,35.0,0
1152,5438,1.0,200
1152,5436,25.0,0
1152,12455,1.0,0
1152,12468,5.0,0
1152,12324,1.0,0
1153,12482,1.0,0
1153,12462,0.3,200
1153,12454,0.3,200
1153,12458,1.0,0
1153,12481,0.3,200
1153,8258,0.1,400
1153,12461,1.0,0
1153,12480,2.5,0
1153,12457,0.3,200
1153,8259,0.3,200
1153,12459,2.5,0
1153,12456,0.3,200
1153,8257,0.3,0
1153,12460,1.0,0
1153,5437,35.0,0
1153,5438,1.0,200
1153,5436,25.0,0
1153,12455,1.0,0
1153,12468,5.0,0
1153,12324,1.0,0
1155,12482,1.0,0
1155,12462,0.3,200
1155,12454,0.3,200
1155,12458,1.0,0
1155,12481,0.3,200
1155,8258,0.1,400
1155,12461,1.0,0
1155,12480,2.5,0
1155,12457,0.3,200
1155,8259,0.3,200
1155,12459,2.5,0
1155,12456,0.3,200
1155,8257,0.3,0
1155,12460,1.0,0
1155,5437,35.0,0
1155,5438,1.0,200
1155,5436,25.0,0
1155,12455,1.0,0
1155,12468,5.0,0
1155,12324,1.0,0
1156,12487,0.3,200
1156,12324,1.0,0
1166,9549,0.1,400
1166,9400,0.3,200
1166,4230,0.3,200
1166,9804,35.0,0
1166,9806,25.0,0
1166,8406,25.0,0
1166,8407,25.0,0
1166,11778,5.0,0
1166,12324,1.0,0
1167,9549,0.1,400
1167,9400,0.3,200
1167,4230,0.3,200
1167,9804,35.0,0
1167,9806,25.0,0
1167,8406,25.0,0
1167,8408,25.0,0
1167,11778,5.0,0
1167,12324,1.0,0
1168,9549,0.1,400
1168,9400,0.3,200
1168,4230,0.3,200
1168,9804,35.0,0
1168,9806,25.0,0
1168,8409,25.0,0
1168,8406,25.0,0
1168,11778,5.0,0
1168,12324,1.0,0
1169,9549,0.1,400
1169,9400,0.3,200
1169,4230,0.3,200
1169,9804,35.0,0
1169,8410,25.0,0
1169,9806,25.0,0
1169,8406,25.0,0
1169,11778,5.0,0
1169,12324,1.0,0
1170,9778,25.0,0
1170,10284,1.0,400
1170,13431,1.0,400
1170,13451,1.0,400
1170,10277,0.2,600
1170,12333,1.0,400
1170,12334,3.0,200
1170,12335,3.0,200
1170,12340,1.0,400
1170,12341,1.0,400
1170,12342,1.0,400
1170,12339,1.0,400
1170,12336,3.0,200
1170,12338,1.0,400
1170,12337,3.0,200
1170,9779,25.0,0
1170,11862,10.0,0
1170,11864,10.0,0
1170,11861,10.0,0
1170,11863,10.0,0
1170,12694,100.0,0
1170,4264,0.1,400
1170,4266,0.1,400
1170,14337,3.0,0
1170,4262,0.1,400
1170,4263,1.0,200
1170,12324,10.0,0
1171,12475,3.0,200
1171,12477,3.0,200
1171,12474,1.0,400
1171,12470,5.0,200
1171,12469,25.0,0
1171,12476,10.0,0
1171,12482,10.0,0
1171,12473,3.0,200
1171,12472,3.0,0
1171,12481,3.0,200
1171,12471,3.0,200
1171,12688,100.0,0
1171,4266,0.1,400
1171,14337,1.0,0
1171,4262,0.1,400
1171,4263,1.0,200
1171,4264,0.1,400
1171,12468,5.0,0
1171,12324,1.0,0
1187,9550,10.0,0
1187,9551,2.0,0
1187,2214,1.0,200
1187,9319,2.0,0
1187,9242,2.0,0
1187,9552,2.0,0
1187,6361,25.0,0
1187,2702,25.0,0
1187,12696,100.0,0
1187,14337,1.0,0
1187,4266,0.1,400
1187,4262,0.1,400
1187,9863,5.0,0
1187,4263,1.0,200
1187,4264,0.1,400
1217,9797,1.0,200
1217,11075,1.0,0
1217,15106,0.3,0
1217,15111,0.3,0
1217,11077,1.0,0
1217,11078,0.3,200
1217,11072,0.3,200
1217,11073,0.1,400
1217,11076,0.3,200
1217,11074,0.3,200
1217,5510,35.0,0
1217,11334,25.0,0
1217,15130,5.0,0
1220,10323,0.3,200
1220,10326,1.0,0
1220,10324,1.0,0
1220,9602,25.0,0
1220,9636,1.0,0
1220,10325,1.0,0
1220,9791,35.0,0
1220,15521,5.0,0
1221,10323,0.3,200
1221,10326,1.0,0
1221,9602,25.0,0
1221,8375,25.0,0
1221,10324,1.0,0
1221,10325,1.0,0
1221,9636,1.0,0
1221,9791,35.0,0
1221,15521,5.0,0
1222,15521,5.0,0
1223,6420,25.0,0
1223,8124,1.0,200
1223,6421,35.0,0
1223,10720,1.0,200
1223,9330,1.0,0
1223,9595,1.0,0
1223,9394,1.0,0
1223,15451,1.0,0
1223,15450,1.0,0
1223,9577,5.0,0
1223,12324,1.0,0
1224,6421,35.0,0
1224,10720,1.0,200
1224,9330,1.0,0
1224,9595,1.0,0
1224,9394,1.0,0
1224,15451,1.0,0
1224,15450,1.0,0
1224,9577,5.0,0
1224,12324,1.0,0
1227,9774,25.0,0
1227,9776,1.0,0
1227,9775,25.0,0
1230,9804,35.0,0
1230,9806,25.0,0
1230,8406,25.0,0
1230,8408,25.0,0
1231,9804,35.0,0
1231,9806,25.0,0
1231,8409,25.0,0
1231,8406,25.0,0
1232,9804,35.0,0
1232,8410,25.0,0
1232,9806,25.0,0
1232,8406,25.0,0
1235,14588,1.0,0
1235,14605,1.0,0
1235,14611,1.0,0
1235,14618,1.0,0
1235,14581,1.0,0
1235,14570,1.0,0
1235,9644,3.0,200
1235,8405,3.0,200
1235,9653,1.0,400
1235,14699,3.0,0
1235,14703,10.0,0
1235,14704,10.0,0
1235,9643,3.0,200
1235,14705,10.0,0
1235,9642,10.0,0
1235,14706,3.0,0
1235,9652,3.0,200
1235,8404,25.0,0
1235,12689,100.0,0
1235,4266,0.1,400
1235,14337,1.0,0
1235,4262,0.1,400
1235,4263,1.0,200
1235,4264,0.1,400
1235,12324,10.0,0
1237,10319,1.0,0
1237,10322,0.3,200
1237,10320,1.0,0
1237,11811,1.0,0
1237,10321,1.0,0
1237,9636,1.0,0
1237,9286,50.0,0
1237,15581,5.0,0
1238,10319,1.0,0
1238,10322,0.3,200
1238,10320,1.0,0
1238,11811,1.0,0
1238,10321,1.0,0
1238,9636,1.0,0
1238,9286,35.0,0
1238,15581,5.0,0
1239,10319,1.0,0
1239,10322,0.3,200
1239,10320,1.0,0
1239,11811,1.0,0
1239,10321,1.0,0
1239,9636,1.0,0
1239,9286,35.0,0
1239,15581,5.0,0
1240,9287,35.0,0
1240,10319,1.0,0
1240,10322,0.3,200
1240,11811,1.0,0
1240,10321,1.0,0
1240,10320,1.0,0
1240,9636,1.0,0
1240,9286,35.0,0
1240,15581,5.0,0
1247,9249,35.0,0
1247,12324,1.0,0
1259,14620,1.0,0
1259,14613,1.0,0
1259,14573,1.0,0
1259,14597,1.0,0
1259,14584,1.0,0
1259,14561,1.0,0
1259,9299,3.0,200
1259,9501,3.0,200
1259,9504,3.0,200
1259,9481,1.0,100
1259,9494,3.0,200
1259,12827,25.0,0
1259,9553,5.0,200
1259,13256,3.0,200
1259,8078,10.0,0
1259,12773,100.0,0
1259,4263,1.0,200
1259,4262,0.1,400
1259,14337,3.0,0
1259,4264,0.1,400
1259,15314,80.0,0
1259,4266,0.1,400
1259,12324,10.0,0
1260,11797,1.0,0
1260,11794,1.0,0
1260,11796,0.3,200
1260,11795,1.0,0
1260,11798,1.0,0
1260,3574,25.0,0
1260,9811,10.0,0
1260,9808,2.0,0
1261,11797,1.0,0
1261,11794,1.0,0
1261,11796,0.3,200
1261,11795,1.0,0
1261,11798,1.0,0
1261,3574,25.0,0
1261,9811,10.0,0
1261,9808,2.0,0
1262,11797,1.0,0
1262,11794,1.0,0
1262,11796,0.3,200
1262,11795,1.0,0
1262,11798,1.0,0
1262,9811,10.0,0
1262,9808,2.0,0
1263,9571,1.0,0
1263,9564,25.0,0
1263,9570,0.3,200
1263,9567,1.0,0
1263,9574,1.0,0
1263,9563,25.0,0
1263,9793,1.0,200
1267,9813,5.0,0
1267,9825,5.0,0
1267,9817,2.0,0
1267,9821,5.0,0
1267,2702,50.0,0
1267,6361,50.0,0
1267,9863,5.0,0
1267,11888,25.0,0
1268,9814,5.0,0
1268,9826,5.0,0
1268,9818,2.0,0
1268,9822,5.0,0
1268,2702,50.0,0
1268,6361,50.0,0
1268,9863,5.0,0
1268,11889,25.0,0
1269,9815,5.0,0
1269,9827,5.0,0
1269,9819,2.0,0
1269,9823,5.0,0
1269,2702,50.0,0
1269,6361,50.0,0
1269,9863,5.0,0
1269,11891,25.0,0
1270,9816,5.0,0
1270,9828,5.0,0
1270,9820,2.0,0
1270,9824,5.0,0
1270,2702,50.0,0
1270,6361,50.0,0
1270,9863,5.0,0
1270,11890,25.0,0
1274,11020,1.0,0
1274,11019,1.0,0
1274,9506,1.0,0
1274,9500,1.0,0
1274,9479,0.3,200
1274,9556,1.0,0
1274,9554,1.0,0
1274,3896,35.0,0
1274,8079,35.0,0
1274,9793,1.0,200
1274,10389,5.0,0
1274,12324,1.0,0
1275,11020,1.0,0
1275,11019,1.0,0
1275,9506,1.0,0
1275,9500,1.0,0
1275,9479,0.3,200
1275,9556,1.0,0
1275,9554,1.0,0
1275,3896,35.0,0
1275,8079,35.0,0
1275,9793,1.0,200
1275,10389,5.0,0
1275,12324,1.0,0
1276,11070,0.3,200
1276,8226,1.0,200
1276,11071,0.3,200
1276,11068,1.0,0
1276,9598,35.0,0
1276,12324,1.0,0
1277,8226,1.0,200
1277,11071,0.3,200
1277,11068,1.0,0
1277,11069,1.0,0
1277,9598,35.0,0
1277,12324,1.0,0
1278,14580,1.0,0
1278,14625,1.0,0
1278,14610,1.0,0
1278,14595,1.0,0
1278,14596,1.0,0
1278,14604,1.0,0
1278,9568,5.0,200
1278,9569,3.0,200
1278,9573,5.0,200
1278,14659,3.0,200
1278,14658,5.0,200
1278,9640,3.0,200
1278,9558,10.0,0
1278,8178,25.0,0
1278,9557,10.0,0
1278,12697,100.0,0
1278,4263,1.0,200
1278,4262,0.1,400
1278,4264,0.1,400
1278,8223,5.0,0
1278,14337,1.0,0
1278,4266,0.1,400
1278,12324,10.0,0
1280,6420,25.0,0
1280,8124,1.0,200
1280,6421,35.0,0
1280,10720,1.0,200
1280,9330,1.0,0
1280,9595,1.0,0
1280,9394,1.0,0
1280,15451,1.0,0
1280,15450,1.0,0
1280,9577,5.0,0
1280,12324,1.0,0
1280,12324,1.0,0
1281,15399,1.0,200
1281,15397,1.0,200
1281,15389,25.0,0
1281,15398,1.0,200
1281,15392,1.0,200
1281,15400,1.0,200
1281,15391,3.0,200
1281,6420,10.0,0
1281,10702,3.0,200
1281,9647,3.0,200
1281,9654,1.0,400
1281,10700,3.0,200
1281,10703,3.0,200
1281,10698,3.0,200
1281,10697,3.0,200
1281,9645,1.0,400
1281,10699,3.0,200
1281,8124,5.0,200
1281,6421,25.0,0
1281,4262,0.1,400
1281,4263,1.0,200
1281,4264,0.1,400
1281,4266,0.1,400
1281,14337,1.0,0
1281,12324,10.0,0
1286,10338,1.0,0
1286,10335,25.0,0
1286,10336,1.0,200
1286,10334,35.0,0
1286,10337,1.0,0
1317,9614,0.3,200
1346,10328,0.3,200
1346,10329,1.0,0
1346,10327,0.3,200
1346,9766,25.0,0
1346,9765,35.0,0
1346,9764,25.0,0
1348,14997,0.3,0
1348,14994,0.3,0
1348,14993,0.3,0
1348,14996,0.3,0
1348,14995,1.0,0
1348,14998,1.0,0
1348,14842,3.0,0
1348,14845,25.0,0
1348,14844,25.0,0
1348,14839,3.0,0
1348,14841,1.0,0
1348,14838,1.0,0
1348,14837,3.0,0
1348,14840,3.0,0
1348,14857,100.0,0
1348,14337,1.0,0
1350,10328,0.3,200
1350,10329,1.0,0
1350,10327,0.3,200
1350,9766,25.0,0
1350,9765,35.0,0
1350,9764,25.0,0
1351,10328,0.3,200
1351,10329,1.0,0
1351,10327,0.3,200
1351,9766,25.0,0
1351,9765,35.0,0
1351,9764,25.0,0
1352,10338,1.0,0
1352,10335,25.0,0
1352,10336,1.0,200
1352,10334,35.0,0
1352,10337,1.0,0
1353,10338,1.0,0
1353,10335,25.0,0
1353,10336,1.0,200
1353,10334,35.0,0
1353,10337,1.0,0
1355,10973,1.0,200
1355,10972,25.0,0
1355,10974,25.0,0
1355,10965,1.0,0
1355,10966,0.3,200
1355,10968,1.0,0
1355,10967,1.0,0
1355,10970,1.0,0
1355,8224,35.0,0
1355,11421,5.0,0
1355,12324,1.0,0
1364,10971,0.3,200
1364,10972,25.0,0
1364,10973,1.0,200
1364,10974,25.0,0
1364,10965,1.0,0
1364,10966,0.3,200
1364,10968,1.0,0
1364,10967,1.0,0
1364,8224,35.0,0
1364,11421,5.0,0
1364,12324,1.0,0
1366,10969,1.0,0
1366,10973,1.0,200
1366,10972,25.0,0
1366,10974,25.0,0
1366,10965,1.0,0
1366,10966,0.3,200
1366,10968,1.0,0
1366,10967,1.0,0
1366,8224,35.0,0
1366,11421,5.0,0
1366,12324,1.0,0
1368,10768,1.0,0
1368,10770,1.0,0
1368,10764,1.0,0
1368,10766,1.0,0
1368,10999,1.0,0
1368,10775,1.0,0
1368,9487,2.0,0
1368,9477,1.0,0
1368,10762,1.0,0
1368,9509,2.0,0
1368,9498,2.0,0
1368,9512,2.0,0
1368,9492,1.0,0
1368,9811,10.0,0
1368,9864,10.0,0
1368,12324,10.0,0
1369,10768,1.0,0
1369,10770,1.0,0
1369,10764,1.0,0
1369,10766,1.0,0
1369,10999,1.0,0
1369,10775,1.0,0
1369,9487,2.0,0
1369,9477,1.0,0
1369,10762,1.0,0
1369,9509,2.0,0
1369,9498,2.0,0
1369,9512,2.0,0
1369,9492,1.0,0
1369,9811,10.0,0
1369,9864,10.0,0
1369,12324,10.0,0
1370,10768,1.0,0
1370,10770,1.0,0
1370,10764,1.0,0
1370,10766,1.0,0
1370,10999,1.0,0
1370,10775,1.0,0
1370,9487,2.0,0
1370,9477,1.0,0
1370,10762,1.0,0
1370,9509,2.0,0
1370,9498,2.0,0
1370,9512,2.0,0
1370,9492,1.0,0
1370,9811,10.0,0
1370,9864,10.0,0
1370,12324,10.0,0
1371,10768,1.0,0
1371,10770,1.0,0
1371,10764,1.0,0
1371,10766,1.0,0
1371,10999,1.0,0
1371,10775,1.0,0
1371,9487,2.0,0
1371,9477,1.0,0
1371,10762,1.0,0
1371,9509,2.0,0
1371,9498,2.0,0
1371,9512,2.0,0
1371,9492,1.0,0
1371,9811,10.0,0
1371,9864,10.0,0
1371,12324,10.0,0
1372,10779,1.0,0
1372,10781,1.0,0
1372,11000,1.0,0
1372,10777,1.0,0
1372,9487,2.0,0
1372,9477,1.0,0
1372,9509,2.0,0
1372,9498,2.0,0
1372,9512,2.0,0
1372,9492,1.0,0
1372,9811,10.0,0
1372,10819,10.0,0
1372,12324,10.0,0
1373,10779,1.0,0
1373,10781,1.0,0
1373,11000,1.0,0
1373,10777,1.0,0
1373,9487,2.0,0
1373,9477,1.0,0
1373,9509,2.0,0
1373,9498,2.0,0
1373,9512,2.0,0
1373,9492,1.0,0
1373,9811,10.0,0
1373,10819,10.0,0
1373,12324,10.0,0
1374,10779,1.0,0
1374,10781,1.0,0
1374,11000,1.0,0
1374,10777,1.0,0
1374,9487,2.0,0
1374,9477,1.0,0
1374,9509,2.0,0
1374,9498,2.0,0
1374,9512,2.0,0
1374,9492,1.0,0
1374,9811,10.0,0
1374,10819,10.0,0
1374,12324,10.0,0
1375,10779,1.0,0
1375,10781,1.0,0
1375,11000,1.0,0
1375,10777,1.0,0
1375,9487,2.0,0
1375,9477,1.0,0
1375,9509,2.0,0
1375,9498,2.0,0
1375,9512,2.0,0
1375,9492,1.0,0
1375,9811,10.0,0
1375,10819,10.0,0
1375,12324,10.0,0
1376,10934,1.0,0
1376,10785,1.0,0
1376,10936,1.0,0
1376,10783,1.0,0
1376,10787,1.0,0
1376,9487,2.0,0
1376,9477,1.0,0
1376,9509,2.0,0
1376,9498,2.0,0
1376,9492,1.0,0
1376,9512,2.0,0
1376,9811,10.0,0
1376,10818,10.0,0
1376,9808,5.0,0
1376,12324,10.0,0
1377,10934,1.0,0
1377,10785,1.0,0
1377,10936,1.0,0
1377,10783,1.0,0
1377,10787,1.0,0
1377,9487,2.0,0
1377,9477,1.0,0
1377,9509,2.0,0
1377,9498,2.0,0
1377,9492,1.0,0
1377,9512,2.0,0
1377,9811,10.0,0
1377,10818,10.0,0
1377,9808,5.0,0
1377,12324,10.0,0
1378,10934,1.0,0
1378,10785,1.0,0
1378,10936,1.0,0
1378,10783,1.0,0
1378,10787,1.0,0
1378,9487,2.0,0
1378,9477,1.0,0
1378,9509,2.0,0
1378,9498,2.0,0
1378,9492,1.0,0
1378,9512,2.0,0
1378,9811,10.0,0
1378,10818,10.0,0
1378,9808,5.0,0
1378,12324,10.0,0
1379,10934,1.0,0
1379,10785,1.0,0
1379,10936,1.0,0
1379,10783,1.0,0
1379,10787,1.0,0
1379,9487,2.0,0
1379,9477,1.0,0
1379,9509,2.0,0
1379,9498,2.0,0
1379,9492,1.0,0
1379,9512,2.0,0
1379,9811,10.0,0
1379,10818,10.0,0
1379,9808,5.0,0
1379,12324,10.0,0
1390,15211,0.3,0
1390,15210,1.0,0
1390,15209,0.3,0
1390,15221,25.0,0
1390,15208,0.3,0
1390,15213,0.1,0
1390,15212,0.3,0
1390,15205,0.3,0
1390,15207,0.3,0
1390,15220,1.0,0
1390,15206,0.3,0
1390,15219,35.0,0
1390,15204,0.3,0
1390,15224,5.0,0
1391,15211,0.3,0
1391,15210,1.0,0
1391,15209,0.3,0
1391,15208,0.3,0
1391,15221,25.0,0
1391,15213,0.1,0
1391,15212,0.3,0
1391,15205,0.3,0
1391,15220,1.0,0
1391,15207,0.3,0
1391,15206,0.3,0
1391,15219,35.0,0
1391,15204,0.3,0
1391,15224,5.0,0
1392,15211,0.3,0
1392,15210,1.0,0
1392,15209,0.3,0
1392,15208,0.3,0
1392,15221,25.0,0
1392,15213,0.1,0
1392,15212,0.3,0
1392,15205,0.3,0
1392,15220,1.0,0
1392,15207,0.3,0
1392,15206,0.3,0
1392,15219,35.0,0
1392,15204,0.3,0
1392,15224,5.0,0
1393,15200,0.3,0
1393,15202,0.3,0
1393,15201,0.3,0
1393,15199,0.3,0
1393,15215,0.1,0
1393,15195,1.0,0
1393,15222,25.0,0
1393,15197,1.0,0
1393,15196,3.0,0
1393,15214,3.0,0
1393,15194,3.0,0
1393,15193,3.0,0
1393,13127,100.0,0
1393,14337,1.0,0
1406,10763,10.0,0
1406,10766,10.0,0
1406,10768,10.0,0
1406,10776,10.0,0
1406,10770,10.0,0
1406,10764,10.0,0
1406,10815,10.0,0
1406,10999,10.0,0
1406,10775,10.0,0
1406,9487,25.0,0
1406,10762,10.0,0
1406,9477,10.0,0
1406,9509,25.0,0
1406,9498,25.0,0
1406,9512,25.0,0
1406,9492,10.0,0
1406,12843,100.0,0
1406,4262,0.1,400
1406,9811,25.0,0
1406,12324,10.0,0
1429,11036,1.0,0
1429,11038,1.0,0
1429,10116,1.0,0
1429,10113,1.0,0
1429,9953,1.0,200
1429,10117,0.3,200
1429,10184,1.0,0
1429,9952,25.0,0
1429,10115,1.0,0
1429,9957,35.0,0
1429,9791,35.0,0
1429,10388,5.0,0
1429,12324,1.0,0
1430,10116,1.0,0
1430,9953,1.0,200
1430,10113,1.0,0
1430,10117,0.3,200
1430,9952,25.0,0
1430,10184,1.0,0
1430,10115,1.0,0
1430,9957,50.0,0
1430,9791,50.0,0
1430,10388,5.0,0
1430,12324,10.0,0
1431,11036,1.0,0
1431,11038,1.0,0
1431,10116,1.0,0
1431,10113,1.0,0
1431,9953,1.0,200
1431,10117,0.3,200
1431,10184,1.0,0
1431,9952,25.0,0
1431,10115,1.0,0
1431,9957,35.0,0
1431,9791,35.0,0
1431,10388,5.0,0
1431,12324,1.0,0
1432,11036,1.0,0
1432,11038,1.0,0
1432,10116,1.0,0
1432,10113,1.0,0
1432,9953,1.0,200
1432,10117,0.3,200
1432,10184,1.0,0
1432,9952,25.0,0
1432,10115,1.0,0
1432,9957,35.0,0
1432,9791,35.0,0
1432,10388,5.0,0
1432,12324,1.0,0
1433,5971,0.3,200
1433,12358,0.3,200
1433,10098,0.3,200
1433,12366,1.0,0
1433,12357,1.0,0
1433,12362,1.0,0
1433,10097,0.1,400
1433,9933,0.3,200
1433,8385,2.5,0
1433,10096,0.3,200
1433,10102,0.3,0
1433,12360,1.0,0
1433,10084,35.0,0
1433,9950,25.0,0
1433,8398,0.3,200
1433,8086,35.0,0
1433,5515,1.0,200
1433,12490,5.0,0
1433,12324,1.0,0
1434,5971,0.3,200
1434,12358,0.3,200
1434,10098,0.3,200
1434,12366,1.0,0
1434,12357,1.0,0
1434,12362,1.0,0
1434,10097,0.1,400
1434,9933,0.3,200
1434,8385,2.5,0
1434,10096,0.3,200
1434,10102,0.3,0
1434,12360,1.0,0
1434,10084,35.0,0
1434,9950,25.0,0
1434,8398,0.3,200
1434,8086,35.0,0
1434,5515,1.0,200
1434,12490,5.0,0
1434,12324,1.0,0
1435,5971,0.3,200
1435,12358,0.3,200
1435,10098,0.3,200
1435,12357,1.0,0
1435,12366,1.0,0
1435,10097,0.1,400
1435,12362,1.0,0
1435,9933,0.3,200
1435,8385,2.5,0
1435,10096,0.3,200
1435,12361,2.5,0
1435,12360,1.0,0
1435,10102,0.3,0
1435,10084,35.0,0
1435,9950,25.0,0
1435,5515,1.0,200
1435,8086,35.0,0
1435,12490,5.0,0
1435,12324,1.0,0
1446,10090,0.3,200
1446,10087,1.0,0
1446,10094,1.0,0
1446,10088,1.0,0
1446,10095,1.0,0
1446,10093,0.3,200
1446,10089,1.0,0
1446,10091,2.0,0
1446,9636,1.0,0
1446,10069,50.0,0
1446,10086,25.0,0
1446,10092,1.0,0
1446,10070,25.0,0
1446,15541,5.0,0
1447,10090,0.3,200
1447,10087,1.0,0
1447,10094,1.0,0
1447,10088,1.0,0
1447,10071,1.0,0
1447,10095,1.0,0
1447,10093,0.3,200
1447,10091,2.5,0
1447,10089,1.0,0
1447,9636,1.0,0
1447,10069,35.0,0
1447,10092,1.0,0
1447,10086,25.0,0
1447,10070,25.0,0
1447,15597,5.0,0
1447,15541,5.0,0
1448,10090,0.3,200
1448,10087,1.0,0
1448,10094,1.0,0
1448,10088,1.0,0
1448,10071,1.0,0
1448,10095,1.0,0
1448,10093,0.3,200
1448,10089,1.0,0
1448,10091,2.5,0
1448,9636,1.0,0
1448,10069,35.0,0
1448,10086,25.0,0
1448,10070,25.0,0
1448,10092,1.0,0
1448,15541,5.0,0
1451,15164,0.1,0
1451,12446,0.3,200
1451,12445,1.0,0
1451,12439,0.1,400
1451,12438,0.3,200
1451,12444,0.3,200
1451,12443,0.1,400
1451,12437,0.3,200
1451,12442,0.3,200
1451,12436,1.0,0
1451,15163,0.3,0
1451,12441,0.3,200
1451,12440,2.5,0
1451,9942,1.0,0
1451,8121,35.0,0
1451,3903,25.0,0
1451,12435,1.0,200
1451,15185,5.0,0
1452,15164,0.1,0
1452,12446,0.3,200
1452,12439,0.1,400
1452,12445,1.0,0
1452,12438,0.3,200
1452,12444,0.3,200
1452,12443,0.1,400
1452,12437,0.3,200
1452,12442,0.3,200
1452,12436,1.0,0
1452,15163,0.3,0
1452,12441,0.3,200
1452,12440,2.5,0
1452,9942,1.0,0
1452,8121,35.0,0
1452,3903,25.0,0
1452,12435,1.0,200
1452,15185,5.0,0
1477,10119,35.0,0
1477,10127,1.0,0
1477,10121,1.0,200
1477,10120,25.0,0
1477,10126,0.3,200
1477,10128,1.0,0
1477,10125,1.0,0
1477,12324,1.0,0
1511,12570,0.3,200
1511,12569,0.1,400
1511,12568,0.3,200
1511,12572,0.3,200
1511,12576,1.0,0
1511,12567,0.3,200
1511,12563,35.0,0
1511,12565,25.0,0
1511,12564,35.0,0
1511,12566,1.0,200
1512,12575,0.3,200
1512,12570,0.3,200
1512,12578,1.0,0
1512,12569,0.1,400
1512,12568,0.3,200
1512,12567,0.3,200
1512,12563,35.0,0
1512,12565,25.0,0
1512,12564,35.0,0
1512,12566,1.0,200
1515,12570,0.3,200
1515,12569,0.1,400
1515,12568,0.3,200
1515,12567,0.3,200
1515,12563,35.0,0
1515,12571,1.0,0
1515,12565,25.0,0
1515,12564,35.0,0
1515,12566,1.0,200
1516,12570,0.3,200
1516,12569,0.1,400
1516,12568,0.3,200
1516,12567,0.3,200
1516,12563,35.0,0
1516,12571,1.0,0
1516,12565,25.0,0
1516,12564,35.0,0
1516,12566,1.0,200
1517,10248,0.8,0
1517,10245,0.4,0
1517,10242,0.8,0
1521,12570,0.3,200
1521,12574,1.0,0
1521,12569,0.1,400
1521,12573,0.3,200
1521,12577,2.5,0
1521,12568,0.3,200
1521,12567,0.3,200
1521,12563,35.0,0
1521,12565,25.0,0
1521,12566,1.0,200
1521,12564,35.0,0
1522,12570,0.3,200
1522,12569,0.1,400
1522,12568,0.3,200
1522,12572,0.3,20
1522,12576,1.0,0
1522,12567,0.3,200
1522,12563,35.0,0
1522,12565,25.0,0
1522,12564,35.0,0
1522,12566,1.0,200
1523,10267,0.1,400
1523,10271,0.3,200
1523,10262,0.3,200
1523,10253,1.0,0
1534,12575,0.3,200
1534,12570,0.3,200
1534,12578,1.0,0
1534,12569,0.1,400
1534,12568,0.3,200
1534,12567,0.3,200
1534,12563,35.0,0
1534,12565,25.0,0
1534,12564,35.0,0
1534,12566,1.0,200
1535,10267,0.1,400
1535,10273,1.0,0
1535,10270,0.3,200
1535,10268,1.0,0
1535,10263,0.3,200
1537,12570,0.3,200
1537,12574,1.0,0
1537,12569,0.1,400
1537,12573,0.3,200
1537,12577,2.5,0
1537,12568,0.3,200
1537,12567,0.3,200
1537,12563,35.0,0
1537,12565,25.0,0
1537,12566,1.0,200
1537,12564,35.0,0
1538,10281,0.3,200
1538,10297,2.5,0
1538,10362,1.0,0
1538,10279,1.0,0
1551,8264,2.5,0
1551,8267,2.5,0
1551,8266,2.5,0
1551,8269,2.5,0
1551,8265,2.5,0
1551,8268,2.5,0
1551,12324,1.0,0
1552,8264,2.5,0
1552,8267,2.5,0
1552,8266,2.5,0
1552,8269,2.5,0
1552,8265,2.5,0
1552,8268,2.5,0
1552,12324,1.0,0
1553,10370,1.0,0
1553,11049,1.0,0
1553,10367,1.0,0
1553,10368,1.0,0
1553,10369,0.3,200
1553,11047,1.0,0
1553,10366,1.0,0
1553,10402,25.0,0
1553,11530,35.0,0
1553,10404,35.0,0
1553,10390,5.0,0
1553,12324,1.0,0
1554,10370,1.0,0
1554,11049,1.0,0
1554,10367,1.0,0
1554,10368,1.0,0
1554,10405,1.0,200
1554,10369,0.3,200
1554,11047,1.0,0
1554,10366,1.0,0
1554,10402,25.0,0
1554,11530,35.0,0
1554,10404,35.0,0
1554,10390,5.0,0
1554,12324,1.0,0
1555,10370,1.0,0
1555,11049,1.0,0
1555,10367,1.0,0
1555,10368,1.0,0
1555,10369,0.3,200
1555,11047,1.0,0
1555,10366,1.0,0
1555,10402,25.0,0
1555,11530,35.0,0
1555,10404,35.0,0
1555,10390,5.0,0
1555,12324,1.0,0
1556,10370,1.0,0
1556,11049,1.0,0
1556,10367,1.0,0
1556,10368,1.0,0
1556,10369,0.3,200
1556,11047,1.0,0
1556,10366,1.0,0
1556,10402,25.0,0
1556,11530,50.0,0
1556,10404,35.0,0
1556,10390,5.0,0
1556,12324,10.0,0
1557,10339,1.0,400
1559,4502,50.0,0
1559,7361,50.0,0
1560,4502,50.0,0
1560,7361,50.0,0
1561,4502,50.0,0
1561,7361,50.0,0
1562,4502,50.0,0
1562,7361,50.0,0
1563,4502,50.0,0
1563,7361,50.0,0
1564,4502,35.0,0
1564,7363,35.0,0
1565,4502,35.0,0
1565,7363,35.0,0
1566,4502,35.0,0
1566,7363,35.0,0
1567,4502,50.0,0
1567,7363,50.0,0
1568,4502,35.0,0
1568,10195,35.0,0
1569,4502,35.0,0
1569,10195,35.0,0
1570,4502,50.0,0
1570,10195,50.0,0
1571,4502,35.0,0
1571,10195,35.0,0
1572,4502,50.0,0
1572,7358,50.0,0
1573,4502,50.0,0
1573,7358,50.0,0
1574,4502,50.0,0
1574,7358,50.0,0
1575,4502,50.0,0
1575,7358,50.0,0
1577,4502,35.0,0
1577,7359,35.0,0
1578,7359,50.0,0
1578,4502,10.0,0
1579,4502,35.0,0
1579,7359,35.0,0
1580,4502,35.0,0
1580,7359,35.0,0
1581,4502,35.0,0
1581,7359,35.0,0
1582,4502,35.0,0
1582,7359,35.0,0
1583,8120,1.0,200
1583,10387,1.0,0
1583,10384,1.0,0
1583,10399,25.0,0
1583,10385,0.3,200
1583,10386,1.0,0
1583,10383,1.0,0
1583,9636,1.0,0
1583,10397,50.0,0
1583,10401,25.0,0
1583,10398,25.0,0
1583,15461,5.0,0
1584,8120,1.0,200
1584,10387,1.0,0
1584,10384,1.0,0
1584,10399,25.0,0
1584,10385,0.3,200
1584,10386,1.0,0
1584,10383,1.0,0
1584,9636,1.0,0
1584,10397,35.0,0
1584,10401,25.0,0
1584,10398,25.0,0
1584,15461,5.0,0
1585,8120,1.0,200
1585,10387,1.0,0
1585,10384,1.0,0
1585,10399,25.0,0
1585,10385,0.3,200
1585,10386,1.0,0
1585,10383,1.0,0
1585,9636,1.0,0
1585,10397,35.0,0
1585,10401,25.0,0
1585,10398,25.0,0
1585,15461,5.0,0
1588,4502,50.0,0
1588,10371,50.0,0
1589,4502,35.0,0
1589,10371,35.0,0
1590,4502,35.0,0
1590,10371,35.0,0
1597,10409,25.0,0
1597,11807,1.0,0
1597,11806,0.3,200
1597,11799,1.0,0
1597,10410,1.0,0
1597,10408,25.0,0
1600,4502,35.0,0
1600,10371,35.0,0
1605,9696,0.1,400
1606,10531,1.0,200
1607,10530,2.0,200
1608,9993,2.0,200
1609,10063,2.0,0
1610,10060,1.0,200
1611,10054,0.1,400
1612,9936,0.1,400
1635,15735,0.3,200
1635,15734,0.3,200
1635,6420,25.0,0
1635,8124,1.0,200
1635,6421,35.0,0
1635,10720,1.0,200
1635,9330,1.0,0
1635,9595,1.0,0
1635,9394,1.0,0
1635,4264,0.1,400
1635,4266,0.1,400
1635,4263,1.0,200
1635,4262,0.1,400
1635,12324,1.0,0
1636,11018,0.3,200
1636,11017,0.3,200
1636,11545,35.0,0
1636,11544,35.0,0
1636,11020,1.0,0
1636,11019,1.0,0
1636,9506,1.0,0
1636,9500,1.0,0
1636,9479,0.3,200
1636,9556,1.0,0
1636,9554,1.0,0
1636,3896,35.0,0
1636,8079,35.0,0
1636,4262,0.1,400
1636,14337,3.0,0
1636,4264,0.1,400
1636,4263,1.0,200
1636,4266,0.1,400
1636,12324,1.0,0
1638,11561,25.0,0
1638,11045,0.3,200
1638,11046,0.3,200
1638,11562,35.0,0
1638,10370,1.0,0
1638,11049,1.0,0
1638,10367,1.0,0
1638,10368,1.0,0
1638,10369,0.3,200
1638,11047,1.0,0
1638,10366,1.0,0
1638,10402,25.0,0
1638,10404,35.0,0
1638,11530,35.0,0
1638,4262,0.1,400
1638,4264,0.1,400
1638,14337,1.0,0
1638,4266,0.1,400
1638,4263,1.0,200
1638,12324,1.0,0
1640,9393,0.3,200
1640,9491,0.3,200
1640,9511,1.0,0
1640,9497,1.0,0
1640,9502,0.3,200
1640,9486,0.1,400
1640,8085,1.0,200
1640,9801,1.0,200
1640,3753,35.0,0
1640,4183,35.0,0
1640,12324,1.0,0
1645,11027,0.3,200
1645,11549,25.0,0
1645,10713,0.3,200
1645,11550,35.0,0
1645,2709,35.0,0
1645,11030,1.0,0
1645,11028,1.0,0
1645,9493,1.0,0
1645,9488,1.0,0
1645,9478,0.3,200
1645,9503,1.0,0
1645,9499,1.0,0
1645,11529,35.0,0
1645,8081,25.0,0
1645,4266,0.1,400
1645,4264,0.1,400
1645,14337,3.0,0
1645,4262,0.1,400
1645,4263,1.0,200
1645,12324,1.0,0
1652,10722,3.0,200
1652,10723,3.0,200
1652,4502,35.0,0
1652,2281,25.0,0
1652,9792,25.0,0
1652,9477,1.0,0
1652,9487,2.5,0
1652,9498,2.5,0
1652,9509,2.5,0
1652,9512,2.5,0
1652,9492,1.0,0
1652,9898,0.1,0
1652,12324,1.0,0
1653,10722,3.0,200
1653,10723,3.0,200
1653,4502,35.0,0
1653,2281,25.0,0
1653,9792,25.0,0
1653,9487,2.5,0
1653,9477,1.0,0
1653,9509,2.5,0
1653,9498,2.5,0
1653,9492,1.0,0
1653,9512,2.5,0
1653,14337,1.0,0
1653,9898,0.1,0
1653,12324,1.0,0
1656,10980,0.3,200
1656,10983,35.0,0
1656,10979,1.0,0
1656,10984,25.0,0
1656,10978,1.0,0
1656,10976,1.0,0
1656,10985,25.0,0
1656,10977,0.3,200
1657,10983,35.0,0
1657,10979,1.0,0
1657,10981,1.0,0
1657,10978,1.0,0
1657,10984,25.0,0
1657,10976,1.0,0
1657,10985,25.0,0
1657,10977,0.3,200
1658,10983,35.0,0
1658,10979,1.0,0
1658,10984,25.0,0
1658,10978,1.0,0
1658,10976,1.0,0
1658,10982,1.0,0
1658,10985,25.0,0
1658,10977,0.3,200
1662,9670,10.0,0
1662,9672,10.0,0
1662,9668,10.0,0
1662,9669,10.0,0
1663,9621,10.0,0
1663,9622,10.0,0
1663,9619,10.0,0
1663,9620,10.0,0
1664,9662,10.0,0
1664,9664,10.0,0
1664,9660,10.0,0
1664,9661,10.0,0
1665,10299,10.0,0
1665,10298,10.0,0
1665,10301,10.0,0
1665,10300,10.0,0
1668,9811,15.0,0
1669,9811,15.0,0
1670,9811,15.0,0
1671,9811,15.0,0
1672,9811,10.0,0
1673,9811,10.0,0
1674,9811,10.0,0
1675,9811,10.0,0
1676,9811,10.0,0
1677,9811,10.0,0
1678,9811,10.0,0
1679,9811,10.0,0
1682,10780,10.0,0
1682,10778,10.0,0
1682,10779,10.0,0
1682,10781,10.0,0
1682,10816,10.0,0
1682,11000,10.0,0
1682,10777,10.0,0
1682,9487,25.0,0
1682,9477,10.0,0
1682,9509,25.0,0
1682,9498,25.0,0
1682,9492,10.0,0
1682,9512,25.0,0
1682,12844,100.0,0
1682,9811,25.0,0
1682,12324,10.0,0
1686,10990,35.0,0
1686,10991,1.0,200
1686,10989,25.0,0
1686,10994,1.0,0
1686,10995,0.3,200
1686,10992,1.0,0
1686,10993,1.0,0
1686,10998,1.0,0
1686,11422,5.0,0
1686,12324,1.0,0
1687,10997,1.0,0
1687,10990,35.0,0
1687,10991,1.0,200
1687,10989,25.0,0
1687,10994,1.0,0
1687,10995,0.3,200
1687,10992,1.0,0
1687,10993,1.0,0
1687,11422,5.0,0
1687,12324,1.0,0
1688,10996,0.3,200
1688,10990,35.0,0
1688,10994,1.0,0
1688,10989,25.0,0
1688,10991,1.0,200
1688,10995,0.3,200
1688,10992,1.0,0
1688,10993,1.0,0
1688,11422,5.0,0
1688,12324,1.0,0
1689,11055,1.0,0
1689,15111,0.3,0
1689,15106,0.3,0
1689,11051,0.3,200
1689,11050,1.0,0
1689,11052,1.0,0
1689,11053,1.0,0
1689,11336,35.0,0
1689,11333,35.0,0
1689,15130,5.0,0
1689,12324,1.0,0
1690,11056,1.0,0
1690,15111,0.3,0
1690,15106,0.3,0
1690,11051,0.3,200
1690,11050,1.0,0
1690,11052,1.0,0
1690,11053,1.0,0
1690,11338,35.0,0
1690,11333,35.0,0
1690,15130,5.0,0
1690,12324,1.0,0
1691,15111,0.3,0
1691,15106,0.3,0
1691,11051,0.3,200
1691,11050,1.0,0
1691,11054,0.3,200
1691,11053,1.0,0
1691,11052,1.0,0
1691,11333,35.0,0
1691,11336,35.0,0
1691,9792,25.0,0
1691,15130,5.0,0
1691,12324,1.0,0
1692,15165,0.1,0
1692,11061,1.0,0
1692,11058,0.3,200
1692,11057,0.3,200
1692,11060,1.0,0
1692,15183,0.3,0
1692,11059,1.0,0
1692,11341,35.0,0
1692,11342,25.0,0
1692,11335,25.0,0
1692,15184,5.0,0
1693,15165,0.1,0
1693,11058,0.3,200
1693,11057,0.3,200
1693,11060,1.0,0
1693,15183,0.3,0
1693,11063,0.3,200
1693,11059,1.0,0
1693,11341,35.0,0
1693,11342,25.0,0
1693,11335,25.0,0
1693,15184,5.0,0
1694,11062,1.0,0
1694,15165,0.1,0
1694,11058,0.3,200
1694,11057,0.3,200
1694,11060,1.0,0
1694,15183,0.3,0
1694,11059,1.0,0
1694,11341,35.0,0
1694,11342,25.0,0
1694,11335,25.0,0
1694,15184,5.0,0
1695,4502,10.0,0
1695,9621,10.0,0
1695,9622,10.0,0
1695,9619,10.0,0
1695,9620,10.0,0
1696,14622,1.0,0
1696,14577,1.0,0
1696,14609,1.0,0
1696,14586,1.0,0
1696,14567,1.0,0
1696,11560,10.0,0
1696,14601,1.0,0
1696,11435,1.0,400
1696,11434,3.0,200
1696,13449,3.0,200
1696,13448,1.0,400
1696,11558,3.0,200
1696,11436,3.0,200
1696,11559,10.0,0
1696,13426,3.0,200
1696,13427,1.0,400
1696,13428,1.0,400
1696,13447,1.0,400
1696,11432,3.0,200
1696,11433,3.0,200
1696,11437,3.0,200
1696,10370,10.0,0
1696,11049,10.0,0
1696,11530,25.0,0
1696,14337,1.0,0
1696,12700,100.0,0
1696,4264,0.1,400
1696,4262,0.1,400
1696,10390,5.0,0
1696,4263,1.0,200
1696,4266,0.1,400
1696,12324,10.0,0
1697,4502,10.0,0
1697,9662,10.0,0
1697,9664,10.0,0
1697,9660,10.0,0
1697,9661,10.0,0
1698,4502,10.0,0
1698,9670,10.0,0
1698,9672,10.0,0
1698,9668,10.0,0
1698,9669,10.0,0
1699,4502,10.0,0
1699,10299,10.0,0
1699,10298,10.0,0
1699,10301,10.0,0
1699,10300,10.0,0
1700,9797,1.0,200
1700,11084,1.0,0
1700,15106,0.3,0
1700,11075,1.0,0
1700,15111,0.3,0
1700,11077,1.0,0
1700,11072,0.3,200
1700,11073,0.1,400
1700,11076,0.3,200
1700,11074,0.3,200
1700,5510,35.0,0
1700,11334,25.0,0
1700,15130,5.0,0
1701,9797,1.0,200
1701,11085,1.0,0
1701,11075,1.0,0
1701,15111,0.3,0
1701,15106,0.3,0
1701,11077,1.0,0
1701,11072,0.3,200
1701,11073,0.1,400
1701,11076,0.3,200
1701,11074,0.3,200
1701,5510,35.0,0
1701,11334,25.0,0
1701,15130,5.0,0
1703,14624,1.0,0
1703,14569,1.0,0
1703,14579,1.0,0
1703,14594,1.0,0
1703,14617,1.0,0
1703,14603,1.0,0
1703,11595,3.0,200
1703,11591,3.0,200
1703,11598,10.0,0
1703,11599,25.0,0
1703,11594,10.0,0
1703,11593,10.0,0
1703,11596,10.0,0
1703,11597,3.0,200
1703,10990,25.0,0
1703,10989,10.0,0
1703,10991,5.0,200
1703,12702,100.0,0
1703,14337,1.0,0
1703,4262,0.1,400
1703,11422,5.0,0
1703,4263,1.0,200
1703,4264,0.1,400
1703,4266,0.1,400
1703,12324,10.0,0
1707,14587,1.0,0
1707,14616,1.0,0
1707,14568,1.0,0
1707,14602,1.0,0
1707,14578,1.0,0
1707,14623,1.0,0
1707,11583,10.0,0
1707,11578,10.0,0
1707,11586,25.0,0
1707,11587,10.0,0
1707,11584,3.0,200
1707,11577,10.0,0
1707,11579,3.0,200
1707,11585,3.0,200
1707,10974,10.0,0
1707,10972,10.0,0
1707,10973,5.0,200
1707,8224,25.0,0
1707,12703,100.0,0
1707,4263,1.0,200
1707,4262,0.1,400
1707,4264,0.1,400
1707,14337,1.0,0
1707,4266,0.1,400
1707,11421,5.0,0
1707,12324,10.0,0
1708,10784,2.0,0
1708,10935,2.0,0
1708,10786,2.0,0
1708,10788,2.0,0
1708,10934,2.0,0
1708,10785,2.0,0
1708,10936,2.0,0
1708,10783,2.0,0
1708,10787,2.0,0
1708,9487,5.0,0
1708,9477,2.0,0
1708,9509,5.0,0
1708,9498,5.0,0
1708,9512,5.0,0
1708,9492,2.0,0
1708,9811,10.0,0
1708,9808,5.0,0
1708,12324,10.0,0
1710,9811,10.0,0
1711,6257,25.0,0
1711,5407,50.0,0
1711,14832,0.3,200
1711,14831,0.3,200
1711,14833,10.0,0
1711,9811,10.0,0
1713,11392,5.0,0
1713,11394,1.0,200
1713,11393,5.0,0
1713,11391,5.0,0
1713,11390,5.0,200
1713,11388,5.0,0
1713,11389,5.0,0
1714,11392,5.0,0
1714,11394,1.0,200
1714,11393,5.0,0
1714,11391,5.0,0
1714,11390,5.0,200
1714,11388,5.0,0
1714,11389,5.0,0
1715,11392,5.0,0
1715,11394,1.0,200
1715,11393,5.0,0
1715,11391,5.0,0
1715,11390,5.0,200
1715,11388,5.0,0
1715,11389,5.0,0
1716,11392,5.0,0
1716,11394,1.0,200
1716,11393,5.0,0
1716,11391,5.0,0
1716,11390,5.0,200
1716,11388,5.0,0
1716,11389,5.0,0
1725,11383,2.0,0
1725,11381,2.0,0
1725,11384,2.0,0
1725,11382,2.0,0
1725,11385,2.0,0
1725,11386,2.0,0
1725,11375,8.0,0
1726,14592,1.0,0
1726,14614,1.0,0
1726,14565,1.0,0
1726,14599,1.0,0
1726,14575,1.0,0
1726,14585,1.0,0
1726,11009,1.0,400
1726,11010,3.0,200
1726,13426,3.0,200
1726,13447,1.0,400
1726,13449,3.0,200
1726,11011,3.0,200
1726,13427,1.0,400
1726,13428,1.0,400
1726,11004,3.0,200
1726,13448,1.0,400
1726,10274,3.0,200
1726,11008,3.0,200
1726,11012,3.0,200
1726,11545,25.0,0
1726,11020,10.0,0
1726,11019,10.0,0
1726,8080,25.0,0
1726,12701,100.0,0
1726,4263,1.0,200
1726,4262,0.1,400
1726,4266,0.1,400
1726,11387,100.0,0
1726,10389,5.0,0
1726,4264,0.1,400
1726,12324,10.0,0
1727,14591,1.0,0
1727,14607,1.0,0
1727,14627,1.0,0
1727,14564,1.0,0
1727,14574,1.0,0
1727,14598,1.0,0
1727,11023,1.0,400
1727,11024,3.0,200
1727,11025,3.0,200
1727,13426,3.0,200
1727,13447,1.0,400
1727,11548,25.0,0
1727,13428,1.0,400
1727,11547,10.0,0
1727,13427,1.0,400
1727,11546,3.0,200
1727,13448,1.0,400
1727,13449,3.0,200
1727,11022,3.0,200
1727,11021,3.0,200
1727,11026,3.0,200
1727,11030,10.0,0
1727,11028,10.0,0
1727,11529,25.0,0
1727,8081,10.0,0
1727,4266,0.1,400
1727,12698,100.0,0
1727,4264,0.1,400
1727,14337,1.0,0
1727,9292,5.0,0
1727,4263,1.0,200
1727,4262,0.1,400
1727,12324,10.0,0
1729,11409,50.0,0
1730,11348,100.0,0
1730,11409,100.0,0
1731,11405,50.0,0
1731,11415,100.0,0
1732,11403,50.0,0
1733,11406,100.0,0
1733,11415,100.0,0
1734,11404,50.0,0
1736,11393,10.0,0
1736,11392,10.0,0
1736,11394,5.0,200
1736,11391,10.0,0
1736,11390,10.0,200
1736,11388,10.0,0
1736,11389,10.0,0
1736,11402,100.0,0
1738,14576,1.0,0
1738,14593,1.0,0
1738,14615,1.0,0
1738,14600,1.0,0
1738,14566,1.0,0
1738,14608,1.0,0
1738,11555,10.0,0
1738,11031,1.0,400
1738,10114,3.0,200
1738,13426,3.0,200
1738,13448,1.0,400
1738,11551,3.0,200
1738,13427,1.0,400
1738,13428,1.0,400
1738,11032,3.0,200
1738,11554,25.0,0
1738,13447,1.0,400
1738,13449,3.0,200
1738,10118,3.0,200
1738,11033,3.0,200
1738,10053,3.0,200
1738,11036,10.0,0
1738,11038,10.0,0
1738,9953,5.0,200
1738,12699,100.0,0
1738,10388,5.0,0
1738,14337,1.0,0
1738,4264,0.1,400
1738,4262,0.1,400
1738,4263,1.0,200
1738,4266,0.1,400
1738,12324,10.0,0
1749,11035,0.3,200
1749,11034,0.3,200
1749,11556,35.0,0
1749,11557,25.0,0
1749,11036,1.0,0
1749,11038,1.0,0
1749,10116,1.0,0
1749,10113,1.0,0
1749,9953,1.0,200
1749,10117,0.3,200
1749,9952,25.0,0
1749,10184,1.0,0
1749,10115,1.0,0
1749,9957,35.0,0
1749,4264,0.1,400
1749,4266,0.1,400
1749,9791,35.0,0
1749,14337,3.0,0
1749,4263,1.0,200
1749,4262,0.1,400
1749,12324,1.0,0
1750,12230,0.3,200
1750,11588,0.3,200
1750,11589,35.0,0
1750,10972,25.0,0
1750,10974,25.0,0
1750,10965,1.0,0
1750,10973,1.0,200
1750,10966,0.3,200
1750,10968,1.0,0
1750,10967,1.0,0
1750,8224,35.0,0
1750,4262,0.1,400
1750,4263,1.0,200
1750,4266,0.1,400
1750,4264,0.1,400
1750,14337,3.0,0
1750,12324,1.0,0
1751,11601,0.3,200
1751,11600,0.3,200
1751,10990,35.0,0
1751,10994,1.0,0
1751,10989,25.0,0
1751,10995,0.3,200
1751,10992,1.0,0
1751,10993,1.0,0
1751,4264,0.1,400
1751,14337,3.0,0
1751,4266,0.1,400
1751,4263,1.0,200
1751,4262,0.1,400
1751,12324,1.0,0
1766,13452,3.0,200
1766,13430,3.0,200
1766,9796,5.0,200
1766,10276,1.0,400
1766,11867,1.0,400
1766,11855,3.0,200
1766,11851,3.0,200
1766,9804,25.0,0
1766,11847,1.0,400
1766,9774,10.0,0
1766,9775,10.0,0
1766,9776,5.0,200
1766,11859,3.0,200
1766,8410,10.0,0
1766,9806,10.0,0
1766,11863,10.0,0
1766,1863,5.0,200
1766,12692,100.0,0
1766,4262,0.1,400
1766,10302,25.0,0
1766,4263,1.0,200
1766,4264,0.1,400
1766,11778,5.0,0
1766,11779,25.0,0
1766,4266,0.1,400
1766,10303,10.0,0
1766,12324,10.0,0
1766,11793,3.0,200
1767,13452,3.0,200
1767,13430,3.0,200
1767,9796,5.0,200
1767,10276,1.0,400
1767,11866,1.0,400
1767,11854,3.0,200
1767,11850,3.0,200
1767,9804,25.0,0
1767,11846,1.0,400
1767,9776,5.0,200
1767,9774,10.0,0
1767,9775,10.0,0
1767,11858,3.0,200
1767,9806,10.0,0
1767,8409,10.0,0
1767,11862,10.0,0
1767,1863,5.0,200
1767,12691,100.0,0
1767,4262,0.1,400
1767,11779,25.0,0
1767,4263,1.0,200
1767,4264,0.1,400
1767,11778,5.0,0
1767,10302,25.0,0
1767,4266,0.1,400
1767,10303,10.0,0
1767,12324,10.0,0
1767,11793,3.0,200
1768,13452,3.0,200
1768,9796,5.0,200
1768,13430,3.0,200
1768,10276,1.0,400
1768,11865,1.0,400
1768,11853,3.0,200
1768,11849,3.0,200
1768,9775,10.0,0
1768,11845,1.0,400
1768,9804,25.0,0
1768,9774,10.0,0
1768,9776,5.0,200
1768,11857,3.0,200
1768,9806,10.0,0
1768,8408,10.0,0
1768,11861,10.0,0
1768,1863,5.0,200
1768,12690,100.0,0
1768,10302,25.0,0
1768,4262,0.1,400
1768,4263,1.0,200
1768,4266,0.1,400
1768,11778,5.0,0
1768,11779,25.0,0
1768,4264,0.1,400
1768,11793,3.0,200
1768,10303,10.0,0
1768,12324,10.0,0
1769,13452,3.0,200
1769,13430,3.0,200
1769,9796,5.0,200
1769,10276,1.0,400
1769,11868,1.0,400
1769,11856,3.0,200
1769,11852,3.0,200
1769,9804,25.0,0
1769,11848,1.0,400
1769,9774,10.0,0
1769,9775,10.0,0
1769,9776,5.0,200
1769,11860,3.0,200
1769,9806,10.0,0
1769,8407,10.0,0
1769,11864,10.0,0
1769,1863,5.0,200
1769,12693,100.0,0
1769,4262,0.1,400
1769,10302,25.0,0
1769,4263,1.0,200
1769,4264,0.1,400
1769,11778,5.0,0
1769,11779,25.0,0
1769,4266,0.1,400
1769,10303,10.0,0
1769,12324,10.0,0
1769,11793,3.0,200
1771,11029,0.3,200
1771,9549,0.1,400
1771,9400,0.3,200
1771,9779,35.0,0
1771,4230,0.3,200
1771,9804,35.0,0
1771,9774,25.0,0
1771,9776,1.0,0
1771,9775,25.0,0
1771,9806,25.0,0
1771,4264,0.1,400
1771,4266,0.1,400
1771,14337,3.0,0
1771,4262,0.1,400
1771,4263,1.0,200
1771,12324,1.0,0
1771,10303,1.0,0
1771,11793,1.0,0
1776,12604,0.3,200
1776,12603,1.0,0
1776,12629,0.3,200
1776,12606,1.0,0
1776,12628,0.3,200
1776,12599,0.3,200
1776,12602,0.3,200
1776,12598,0.1,400
1776,12627,0.3,200
1776,12607,0.3,200
1776,12601,1.0,0
1776,12597,0.3,200
1776,12605,1.0,0
1776,12596,0.3,200
1776,12593,35.0,0
1776,12600,0.3,200
1776,12595,1.0,200
1776,12594,25.0,0
1776,15191,5.0,0
1776,12324,1.0,0
1777,12604,0.3,200
1777,12603,1.0,0
1777,12629,0.3,200
1777,12606,1.0,0
1777,12628,0.3,200
1777,12599,0.3,200
1777,12602,0.3,200
1777,12598,0.1,400
1777,12627,0.3,200
1777,12607,0.3,200
1777,12601,1.0,0
1777,12597,0.3,200
1777,12605,1.0,0
1777,12596,0.3,200
1777,12593,35.0,0
1777,12600,0.3,200
1777,12595,1.0,200
1777,12594,25.0,0
1777,15191,5.0,0
1777,12324,1.0,0
1778,12604,0.3,200
1778,12603,1.0,0
1778,12629,0.3,200
1778,12606,1.0,0
1778,12599,0.3,200
1778,12628,0.3,200
1778,12602,0.3,200
1778,12598,0.1,400
1778,12627,0.3,200
1778,12607,0.3,200
1778,12601,1.0,0
1778,12597,0.3,200
1778,12596,0.3,200
1778,12605,1.0,0
1778,12593,35.0,0
1778,12600,0.3,200
1778,12595,1.0,200
1778,12594,25.0,0
1778,15191,5.0,0
1778,12324,1.0,0
1779,12604,0.3,200
1779,12603,1.0,0
1779,12629,0.3,200
1779,12606,1.0,0
1779,12628,0.3,200
1779,12599,0.3,200
1779,12602,0.3,200
1779,12598,0.1,400
1779,12627,0.3,200
1779,12607,0.3,200
1779,12601,1.0,0
1779,12597,0.3,200
1779,12605,1.0,0
1779,12596,0.3,200
1779,12593,35.0,0
1779,12600,0.3,200
1779,12595,1.0,200
1779,12594,25.0,0
1779,15191,5.0,0
1779,12324,1.0,0
1780,12358,0.3,200
1780,5971,0.3,200
1780,10098,0.3,200
1780,12366,1.0,0
1780,12357,1.0,0
1780,10097,0.1,400
1780,12362,1.0,0
1780,9933,0.3,200
1780,8385,2.5,0
1780,10096,0.3,200
1780,12361,2.5,0
1780,10100,1.0,0
1780,10102,0.3,0
1780,10084,35.0,0
1780,5515,1.0,200
1780,9950,25.0,0
1780,8086,35.0,0
1780,9793,1.0,200
1780,12490,5.0,0
1780,12324,1.0,0
1781,12358,0.3,200
1781,5971,0.3,200
1781,10098,0.3,200
1781,12357,1.0,0
1781,12366,1.0,0
1781,10097,0.1,400
1781,12362,1.0,0
1781,8385,2.5,0
1781,9933,0.3,200
1781,10096,0.3,200
1781,10100,1.0,0
1781,10102,0.3,0
1781,10084,35.0,0
1781,8398,0.3,200
1781,9950,25.0,0
1781,5515,1.0,200
1781,8086,35.0,0
1781,9793,1.0,200
1781,12490,5.0,0
1781,12324,1.0,0
1782,12367,0.3,0
1782,12358,0.3,200
1782,5971,0.3,200
1782,10098,0.3,200
1782,12357,1.0,0
1782,12366,1.0,0
1782,12362,1.0,0
1782,10097,0.1,400
1782,9933,0.3,200
1782,8385,2.5,0
1782,10096,0.3,200
1782,10100,1.0,0
1782,10102,0.3,0
1782,8086,35.0,0
1782,9950,25.0,0
1782,5515,1.0,200
1782,8398,0.3,200
1782,10084,35.0,0
1782,9793,1.0,200
1782,12490,5.0,0
1782,12324,1.0,0
1784,12482,1.0,0
1784,12462,0.3,200
1784,12454,0.3,200
1784,12458,1.0,0
1784,12481,0.3,200
1784,8258,0.1,400
1784,12461,1.0,0
1784,12480,2.5,0
1784,12457,0.3,200
1784,8259,0.3,200
1784,12459,2.5,0
1784,12456,0.3,200
1784,8257,0.3,0
1784,12460,1.0,0
1784,5437,35.0,0
1784,5438,1.0,200
1784,5436,25.0,0
1784,12455,1.0,0
1784,12468,5.0,0
1784,12324,1.0,0
1786,12622,1.0,400
1786,12624,3.0,0
1786,12616,1.0,400
1786,12620,3.0,200
1786,12623,3.0,0
1786,12604,3.0,200
1786,12619,1.0,400
1786,12603,10.0,0
1786,13455,1.0,400
1786,13437,1.0,400
1786,12629,3.0,200
1786,13458,1.0,400
1786,13436,1.0,400
1786,13434,3.0,200
1786,12618,3.0,200
1786,13457,3.0,200
1786,12606,10.0,0
1786,12617,3.0,200
1786,12602,3.0,200
1786,12628,3.0,200
1786,12627,3.0,200
1786,12601,10.0,0
1786,12607,3.0,200
1786,12605,10.0,0
1786,12595,5.0,200
1786,12600,3.0,200
1786,12594,10.0,0
1786,12593,25.0,0
1786,12615,5.0,200
1786,4502,25.0,0
1786,12704,100.0,0
1786,4264,0.1,400
1786,14337,1.0,0
1786,4262,0.1,400
1786,4266,0.1,400
1786,4263,1.0,200
1786,12324,10.0,0
1787,12638,0.3,0
1787,12636,0.3,0
1787,12632,0.1,0
1787,12631,0.3,0
1787,12637,0.3,200
1787,12630,0.3,0
1787,3565,35.0,0
1787,12641,25.0,0
1789,12638,0.3,0
1789,12636,0.3,0
1789,12632,0.1,0
1789,12631,0.3,0
1789,12637,0.3,200
1789,12630,0.3,0
1790,12638,0.3,0
1790,12636,0.3,0
1790,12632,0.1,0
1790,12631,0.3,0
1790,12637,0.3,200
1790,12630,0.3,0
1790,3565,35.0,0
1790,12641,25.0,0
1792,12374,3.0,200
1792,12369,1.0,400
1792,13432,1.0,400
1792,12379,5.0,200
1792,13453,1.0,400
1792,12373,1.0,400
1792,12378,25.0,0
1792,12368,3.0,200
1792,5971,3.0,200
1792,12372,3.0,200
1792,12366,10.0,0
1792,12371,3.0,0
1792,12370,3.0,200
1792,8385,25.0,0
1792,12705,100.0,0
1792,4266,0.1,400
1792,12490,5.0,0
1792,4264,0.1,400
1792,4263,1.0,200
1792,4262,0.1,400
1792,14337,1.0,0
1792,12324,10.0,0
1793,15164,0.1,0
1793,12446,0.3,200
1793,12439,0.1,400
1793,12445,1.0,0
1793,12438,0.3,200
1793,12444,0.3,200
1793,12443,0.1,400
1793,12437,0.3,200
1793,12442,0.3,200
1793,12436,1.0,0
1793,15163,0.3,0
1793,12441,0.3,200
1793,12440,2.5,0
1793,9942,1.0,0
1793,8121,35.0,0
1793,3903,25.0,0
1793,12435,1.0,200
1793,15185,5.0,0
1803,12367,0.3,0
1803,5971,0.3,200
1803,12358,0.3,200
1803,10098,0.3,200
1803,12366,1.0,0
1803,12357,1.0,0
1803,10097,0.1,400
1803,12362,1.0,0
1803,9933,0.3,200
1803,8385,2.5,0
1803,10096,0.3,200
1803,10100,1.0,0
1803,10102,0.3,0
1803,10084,35.0,0
1803,8398,0.3,200
1803,9950,25.0,0
1803,5515,1.0,200
1803,8086,35.0,0
1803,9793,1.0,200
1803,12490,5.0,0
1803,12324,1.0,0
1804,12780,10.0,0
1804,12779,5.0,0
1804,12777,10.0,0
1804,12776,10.0,0
1805,12780,10.0,0
1805,12779,5.0,0
1805,12777,10.0,0
1805,12776,10.0,0
1806,12780,10.0,0
1806,12779,5.0,0
1806,12777,10.0,0
1806,12776,10.0,0
1808,12797,10.0,0
1808,12796,5.0,0
1808,12799,5.0,0
1808,12795,10.0,0
1808,12794,10.0,0
1808,12798,10.0,0
1808,12805,100.0,0
1808,14314,35.0,0
1809,12797,10.0,0
1809,12796,5.0,0
1809,12795,10.0,0
1809,12799,5.0,0
1809,12794,10.0,0
1809,12798,10.0,0
1809,12805,100.0,0
1809,14314,35.0,0
1810,12797,10.0,0
1810,12796,5.0,0
1810,12799,5.0,0
1810,12795,10.0,0
1810,12794,10.0,0
1810,12798,10.0,0
1810,12805,100.0,0
1810,14314,35.0,0
1811,12797,10.0,0
1811,12796,5.0,0
1811,12799,5.0,0
1811,12795,10.0,0
1811,12794,10.0,0
1811,12798,10.0,0
1811,12805,100.0,0
1811,14314,35.0,0
1815,12787,100.0,0
1816,12823,25.0,0
1816,12822,10.0,0
1816,12821,10.0,0
1816,12820,3.0,200
1816,12836,10.0,0
1816,12835,3.0,200
1816,6363,25.0,0
1816,12771,100.0,0
1817,6363,50.0,0
1817,6253,25.0,0
1817,8374,25.0,0
1825,12896,0.1,400
1825,12895,0.3,200
1825,12893,0.1,400
1825,12861,0.3,200
1825,12860,0.1,400
1825,13138,0.1,400
1825,12819,0.3,200
1825,12859,0.3,200
1825,12818,0.1,400
1825,12817,0.3,200
1825,12816,0.1,400
1825,12855,0.3,200
1825,12812,35.0,0
1825,12813,25.0,0
1825,12815,1.0,200
1825,12783,5.0,0
1825,12324,1.0,0
1827,12896,0.1,400
1827,12863,0.1,400
1827,12895,0.3,200
1827,12862,0.1,400
1827,12893,0.1,400
1827,12861,0.3,200
1827,13138,0.1,400
1827,12819,0.3,200
1827,12818,0.1,400
1827,12817,0.3,200
1827,12857,0.3,200
1827,12816,0.1,400
1827,12856,1.0,0
1827,12811,35.0,0
1827,12814,25.0,0
1827,12783,5.0,0
1827,12324,1.0,0
1828,12896,0.1,400
1828,12863,0.1,400
1828,12895,0.3,200
1828,12893,0.1,400
1828,12861,0.3,200
1828,12864,0.3,200
1828,13138,0.1,400
1828,12819,0.3,200
1828,12818,0.1,400
1828,12817,0.3,200
1828,12857,0.3,200
1828,12816,0.1,400
1828,12856,1.0,0
1828,12811,35.0,0
1828,12814,25.0,0
1828,12783,5.0,0
1828,12324,1.0,0
1829,12896,0.1,400
1829,12895,0.3,200
1829,12893,0.1,400
1829,12861,0.3,200
1829,12860,0.1,400
1829,13138,0.1,400
1829,12819,0.3,200
1829,12818,0.1,400
1829,12859,0.3,200
1829,12817,0.3,200
1829,12816,0.1,400
1829,12855,0.3,200
1829,12812,35.0,0
1829,12813,25.0,0
1829,12815,1.0,200
1829,12783,5.0,0
1829,12324,1.0,0
1831,2696,50.0,0
1831,3599,1.0,0
1831,2023,1.0,0
1831,5309,1.0,0
1831,5310,1.0,0
1831,2024,0.3,200
1831,2025,1.0,0
1831,2026,0.3,200
1831,2021,1.0,0
1831,2022,1.0,0
1831,2246,50.0,0
1831,11528,50.0,0
1831,9811,15.0,0
1831,8060,5.0,0
1831,12324,10.0,0
1832,5309,1.0,0
1832,9295,50.0,0
1832,2023,1.0,0
1832,2024,0.3,200
1832,5310,1.0,0
1832,2025,1.0,0
1832,2026,0.3,200
1832,2021,1.0,0
1832,2022,1.0,0
1832,2058,1.0,0
1832,2246,50.0,0
1832,11528,50.0,0
1832,2057,1.0,0
1832,9811,15.0,0
1832,8060,5.0,0
1832,12324,10.0,0
1833,5309,1.0,0
1833,9295,50.0,0
1833,2023,1.0,0
1833,2027,1.0,0
1833,2024,0.3,200
1833,5310,1.0,0
1833,6121,1.0,0
1833,2026,0.3,200
1833,2025,1.0,0
1833,2022,1.0,0
1833,2021,1.0,0
1833,2246,50.0,0
1833,11528,50.0,0
1833,9811,15.0,0
1833,8060,5.0,0
1833,12324,10.0,0
1834,5309,1.0,0
1834,9295,50.0,0
1834,2023,1.0,0
1834,5310,1.0,0
1834,2024,0.3,200
1834,2025,1.0,0
1834,2026,0.3,200
1834,3812,1.0,0
1834,2021,1.0,0
1834,2022,1.0,0
1834,2246,50.0,0
1834,11528,50.0,0
1834,9811,15.0,0
1834,8060,5.0,0
1834,12324,10.0,0
1835,5309,1.0,0
1835,9295,50.0,0
1835,2023,1.0,0
1835,5310,1.0,0
1835,2024,0.3,200
1835,2025,1.0,0
1835,2026,0.3,200
1835,3812,1.0,0
1835,2021,1.0,0
1835,2022,1.0,0
1835,2246,50.0,0
1835,11528,50.0,0
1835,9811,15.0,0
1835,8060,5.0,0
1835,12324,10.0,0
1836,12888,0.2,600
1836,13544,1.0,400
1836,12873,5.0,200
1836,12872,10.0,0
1836,13547,3.0,200
1836,12887,1.0,400
1836,13546,1.0,400
1836,13545,3.0,200
1836,13548,1.0,400
1836,12896,1.0,400
1836,13460,1.0,400
1836,13462,1.0,400
1836,12895,3.0,200
1836,12893,1.0,400
1836,12774,100.0,0
1836,4262,0.1,400
1836,14337,3.0,0
1836,4266,0.1,400
1836,4263,1.0,200
1836,4264,0.1,400
1836,12324,1.0,0
1852,13666,100.0,0
1852,13684,100.0,0
1855,13717,100.0,0
1856,13718,100.0,0
1858,13716,100.0,0
1986,14132,0.6,600
1986,14129,0.7,400
1986,14130,0.7,400
1986,14128,0.7,400
1986,14131,0.7,400
1986,12591,2.0,200
1986,12592,1.3,400
1986,12585,100.0,0
1986,4264,1.3,400
1986,14337,3.0,0
1986,4262,1.3,400
1986,14162,100.0,0
1986,4263,2.0,200
1986,4266,1.3,400
1987,14138,0.6,600
1987,14137,0.7,400
1987,14134,0.7,400
1987,14135,0.7,400
1987,14136,0.7,400
1987,12381,1.3,400
1987,12382,2.0,200
1987,5518,100.0,0
1987,14147,0.6,600
1987,4264,1.3,400
1987,14337,3.0,0
1987,4262,1.3,400
1987,14163,100.0,0
1987,4263,2.0,200
1987,4266,1.3,400
1988,14144,0.7,400
1988,14140,0.7,400
1988,14142,0.7,400
1988,14143,0.7,400
1988,14141,0.6,600
1988,12489,1.3,400
1988,8248,2.0,200
1988,12483,100.0,100
1988,14164,100.0,0
1988,14337,3.0,0
1988,4266,1.3,400
1988,4262,1.3,400
1988,4263,2.0,200
1988,4264,1.3,400
2013,8244,100.0,0
2074,14489,0.3,200
2074,14490,0.3,200
2074,14486,0.1,400
2074,14485,0.3,200
2074,14484,0.3,200
2074,14482,0.3,200
2074,14480,0.3,200
2074,14481,0.3,200
2074,14415,0.3,200
2074,14366,0.3,200
2074,14360,0.3,200
2074,14358,35.0,0
2074,14365,0.3,200
2074,14357,25.0,0
2074,14359,1.0,200
2074,14483,1.0,200
2074,14487,0.3,200
2074,14488,0.3,200
2074,14417,5.0,0
2075,14489,0.3,200
2075,14490,0.3,200
2075,14486,0.1,400
2075,14485,0.3,200
2075,14484,0.3,200
2075,14482,0.3,200
2075,14480,0.3,200
2075,14481,0.3,200
2075,14361,0.3,200
2075,14415,0.3,200
2075,14366,0.3,200
2075,14358,35.0,0
2075,14365,0.3,200
2075,14357,25.0,0
2075,14359,1.0,200
2075,14483,1.0,200
2075,14487,0.3,200
2075,14488,0.3,200
2075,14417,5.0,0
2076,14489,0.3,200
2076,14490,0.3,200
2076,14486,0.1,400
2076,14485,0.3,200
2076,14484,0.3,200
2076,14482,0.3,200
2076,14480,0.3,200
2076,14481,0.3,200
2076,14364,0.1,200
2076,14415,0.3,200
2076,14366,0.3,200
2076,14358,35.0,0
2076,14365,0.3,200
2076,14357,25.0,0
2076,14359,1.0,200
2076,14483,1.0,200
2076,14487,0.3,200
2076,14488,0.3,200
2076,14417,5.0,0
2078,14489,0.3,200
2078,14490,0.3,200
2078,14486,0.1,400
2078,14426,0.3,200
2078,14485,0.3,200
2078,14433,0.3,200
2078,15852,0.3,200
2078,14430,0.3,200
2078,14432,0.1,200
2078,14424,35.0,0
2078,14484,0.3,200
2078,14421,25.0,0
2078,14425,1.0,200
2078,14482,0.3,200
2078,14480,0.3,200
2078,14481,0.3,200
2078,14483,1.0,200
2078,14488,0.3,200
2078,14417,5.0,0
2078,14487,0.3,200
2083,14489,0.3,200
2083,14490,0.3,200
2083,14486,0.1,400
2083,14485,0.3,200
2083,14433,0.3,200
2083,15852,0.3,200
2083,14427,0.1,200
2083,14430,0.3,200
2083,14432,0.1,200
2083,14424,35.0,0
2083,14484,0.3,200
2083,14421,25.0,0
2083,14425,1.0,200
2083,14482,0.3,200
2083,14480,0.3,200
2083,14481,0.3,200
2083,14483,1.0,200
2083,14488,0.3,200
2083,14417,5.0,0
2083,14487,0.3,200
2084,14489,0.3,200
2084,14490,0.3,200
2084,14486,0.1,400
2084,14485,0.3,200
2084,14433,0.3,200
2084,15852,0.3,200
2084,14431,0.1,200
2084,14430,0.3,200
2084,14432,0.1,200
2084,14424,35.0,0
2084,14484,0.3,200
2084,14421,25.0,0
2084,14425,1.0,200
2084,14482,0.3,200
2084,14480,0.3,200
2084,14481,0.3,200
2084,14483,1.0,200
2084,14488,0.3,200
2084,14417,5.0,0
2084,14487,0.3,200
2088,14545,100.0,0
2100,14489,3.0,200
2100,14490,3.0,200
2100,14439,1.0,400
2100,14437,0.2,600
2100,14436,5.0,200
2100,14435,10.0,0
2100,14759,100.0,200
2100,14337,1.0,0
2100,4264,0.1,400
2100,4262,0.1,400
2100,14488,3.0,200
2100,4263,1.0,200
2100,4266,0.1,400
2112,2696,50.0,0
2112,14710,5.0,0
2112,3599,1.0,0
2112,14714,5.0,0
2112,14712,5.0,0
2112,14707,5.0,0
2112,5309,1.0,0
2112,2023,1.0,0
2112,2024,0.3,200
2112,5310,1.0,0
2112,2025,1.0,0
2112,2026,0.3,200
2112,2022,1.0,0
2112,2021,1.0,0
2112,11528,50.0,0
2112,2246,50.0,0
2112,9811,15.0,0
2112,8060,5.0,0
2112,8272,5.0,0
2112,12324,10.0,0
2113,14711,5.0,0
2113,14709,5.0,0
2113,14713,5.0,0
2113,14708,5.0,0
2113,5311,1.0,0
2113,2037,1.0,0
2113,2041,1.0,0
2113,2038,0.3,200
2113,2089,1.0,0
2113,2040,0.3,200
2113,2039,1.0,0
2113,2036,1.0,0
2113,2035,1.0,0
2113,2254,50.0,0
2113,2090,1.0,0
2113,8078,25.0,0
2113,12781,5.0,0
2113,9811,10.0,0
2113,15314,5.0,0
2113,12324,10.0,0
2114,14715,5.0,0
2114,10370,1.0,0
2114,11049,1.0,0
2114,10367,1.0,0
2114,10368,1.0,0
2114,10369,0.3,200
2114,11047,1.0,0
2114,10366,1.0,0
2114,10402,25.0,0
2114,10404,35.0,0
2114,11530,35.0,0
2114,10390,5.0,0
2114,12324,1.0,0
2115,8120,1.0,200
2115,14719,5.0,0
2115,10387,1.0,0
2115,10384,1.0,0
2115,10386,1.0,0
2115,10385,0.3,200
2115,10399,25.0,0
2115,10383,1.0,0
2115,10397,35.0,0
2115,10401,25.0,0
2115,10398,25.0,0
2115,15461,5.0,0
2116,14723,5.0,0
2116,10997,1.0,0
2116,10990,35.0,0
2116,10994,1.0,0
2116,10991,1.0,200
2116,10989,25.0,0
2116,10995,0.3,200
2116,10992,1.0,0
2116,10993,1.0,0
2116,11422,5.0,0
2116,12324,1.0,0
2117,14727,5.0,0
2117,11062,1.0,0
2117,11058,0.3,200
2117,11057,0.3,200
2117,11060,1.0,0
2117,11059,1.0,0
2117,11341,35.0,0
2117,11335,25.0,0
2117,11342,25.0,0
2118,14717,5.0,0
2118,10323,0.3,200
2118,10326,1.0,0
2118,8375,25.0,0
2118,10324,1.0,0
2118,9602,25.0,0
2118,10325,1.0,0
2118,9791,35.0,0
2118,15521,5.0,0
2119,14721,5.0,0
2119,2709,35.0,0
2119,11030,1.0,0
2119,11028,1.0,0
2119,9493,1.0,0
2119,9488,1.0,0
2119,9478,0.3,200
2119,9503,1.0,0
2119,9499,1.0,0
2119,8081,25.0,0
2119,11529,35.0,0
2119,9811,2.5,0
2119,9292,5.0,0
2119,12324,1.0,0
2120,14725,5.0,0
2120,11070,0.3,200
2120,8226,1.0,200
2120,11071,0.3,200
2120,11068,1.0,0
2120,8225,35.0,0
2120,8223,5.0,0
2120,12324,1.0,0
2121,14728,5.0,0
2121,9401,0.3,200
2121,9682,0.3,200
2121,9683,0.3,200
2121,9681,1.0,0
2121,9680,0.3,200
2121,4146,1.0,0
2121,9353,0.3,200
2121,9305,0.3,200
2121,5568,25.0,0
2121,4181,35.0,0
2121,12324,1.0,0
2121,9613,0.3,200
2122,14716,5.0,0
2122,11020,1.0,0
2122,11019,1.0,0
2122,9506,1.0,0
2122,9500,1.0,0
2122,9479,0.3,200
2122,9556,1.0,0
2122,9554,1.0,0
2122,3896,35.0,0
2122,9793,1.0,200
2122,8079,35.0,0
2122,10389,5.0,0
2122,12324,1.0,0
2123,14720,5.0,0
2123,9287,35.0,0
2123,10319,1.0,0
2123,10322,0.3,200
2123,10321,1.0,0
2123,10320,1.0,0
2123,11811,1.0,0
2123,9286,35.0,0
2123,15581,5.0,0
2124,14724,5.0,0
2124,8182,25.0,0
2124,9641,1.0,0
2124,8179,25.0,0
2124,11067,1.0,0
2124,11064,0.3,200
2124,11065,1.0,0
2124,11066,1.0,0
2124,9646,1.0,0
2124,9264,5.0,0
2124,12324,1.0,0
2125,14718,5.0,0
2125,11036,1.0,0
2125,11038,1.0,0
2125,10116,1.0,0
2125,9953,1.0,200
2125,10113,1.0,0
2125,10117,0.3,200
2125,9952,25.0,0
2125,10184,1.0,0
2125,10115,1.0,0
2125,9957,35.0,0
2125,9791,35.0,0
2125,10388,5.0,0
2125,12324,1.0,0
2126,14722,5.0,0
2126,10090,0.3,200
2126,10088,1.0,0
2126,10087,1.0,0
2126,10094,1.0,0
2126,10095,1.0,0
2126,10093,0.3,200
2126,10091,2.0,0
2126,10089,1.0,0
2126,10069,50.0,0
2126,10070,25.0,0
2126,10086,25.0,0
2126,10092,1.0,0
2126,15541,25.0,0
2126,15597,25.0,0
2127,14726,5.0,0
2127,10983,35.0,0
2127,10979,1.0,0
2127,10978,1.0,0
2127,10984,25.0,0
2127,10976,1.0,0
2127,10982,1.0,0
2127,10985,25.0,0
2127,10977,0.3,200
2128,14730,5.0,0
2128,11056,1.0,0
2128,11051,0.3,200
2128,11050,1.0,0
2128,11052,1.0,0
2128,11053,1.0,0
2128,11333,35.0,0
2128,11338,35.0,0
2128,12324,1.0,0
2129,14734,5.0,0
2129,12638,0.3,0
2129,12636,0.3,0
2129,12632,0.1,0
2129,12631,0.3,0
2129,12637,0.3,200
2129,12630,0.3,0
2129,3565,35.0,0
2129,12641,25.0,0
2130,14732,5.0,0
2130,12358,0.3,200
2130,5971,0.3,200
2130,10098,0.3,200
2130,12366,1.0,0
2130,12357,1.0,0
2130,10097,0.1,400
2130,12362,1.0,0
2130,8385,2.5,0
2130,9933,0.3,200
2130,10096,0.3,200
2130,12361,2.5,0
2130,12360,1.0,0
2130,10102,0.3,0
2130,10084,35.0,0
2130,5515,1.0,200
2130,9950,25.0,0
2130,8086,35.0,0
2130,12490,5.0,0
2130,12324,1.0,0
2131,8412,25.0,0
2131,9796,1.0,200
2131,14731,5.0,0
2131,8120,1.0,200
2132,12462,0.3,200
2132,12482,1.0,0
2132,12454,0.3,200
2132,12458,1.0,0
2132,12481,0.3,200
2132,14733,5.0,0
2132,12461,1.0,0
2132,8258,0.1,400
2132,12457,0.3,200
2132,12480,2.5,0
2132,8259,0.3,200
2132,12459,2.5,0
2132,12456,0.3,200
2132,12460,1.0,0
2132,8257,0.3,0
2132,5437,35.0,0
2132,5438,1.0,200
2132,5436,25.0,0
2132,12455,1.0,0
2132,12468,5.0,0
2132,12324,1.0,0
2133,12896,0.1,400
2133,14735,5.0,0
2133,12895,0.3,200
2133,12893,0.1,400
2133,12861,0.3,200
2133,12860,0.1,400
2133,13138,0.1,400
2133,12819,0.3,200
2133,12818,0.1,400
2133,12859,0.3,200
2133,12817,0.3,200
2133,12816,0.1,400
2133,12855,0.3,200
2133,12812,35.0,0
2133,12815,1.0,200
2133,12813,25.0,0
2133,12783,5.0,0
2133,12324,1.0,0
2134,14489,0.3,200
2134,14490,0.3,200
2134,14486,0.1,400
2134,14485,0.3,200
2134,14736,5.0,0
2134,14484,0.3,200
2134,14482,0.3,200
2134,14480,0.3,200
2134,14481,0.3,200
2134,14364,0.1,200
2134,14415,0.3,200
2134,14366,0.3,200
2134,14358,35.0,0
2134,14359,1.0,200
2134,14357,25.0,0
2134,14365,0.3,200
2134,14417,5.0,0
2134,14487,0.3,200
2134,14488,0.3,200
2134,14483,1.0,200
2136,14729,5.0,0
2136,9393,0.3,200
2136,9491,0.3,200
2136,9511,1.0,0
2136,9497,1.0,0
2136,9502,0.3,200
2136,9486,0.1,400
2136,8085,1.0,200
2136,9801,1.0,200
2136,4183,35.0,0
2136,3753,35.0,0
2136,12324,1.0,0
2140,8194,100.0,0
2141,12570,0.3,200
2141,12574,1.0,0
2141,12889,5.0,0
2141,12569,0.1,400
2141,12573,0.3,200
2141,12577,2.5,0
2141,12568,0.3,200
2141,12567,0.3,200
2141,12564,35.0,0
2141,12566,1.0,200
2141,12565,25.0,0
2141,12563,35.0,0
2142,14489,0.3,200
2142,14490,0.3,200
2142,14486,0.1,400
2142,14485,0.3,200
2142,14484,0.3,200
2142,14482,0.3,200
2142,14480,0.3,200
2142,14481,0.3,200
2142,14364,0.1,200
2142,14475,100.0,0
2142,14415,0.3,200
2142,14366,0.3,200
2142,14357,25.0,0
2142,14359,1.0,200
2142,14365,0.3,200
2142,14358,35.0,0
2142,14417,5.0,0
2142,14487,0.3,200
2142,14488,0.3,200
2142,14483,1.0,200
2143,14489,0.3,200
2143,14490,0.3,200
2143,14486,0.1,400
2143,14485,0.3,200
2143,14433,0.3,200
2143,14427,0.1,200
2143,15852,0.3,200
2143,14430,0.3,200
2143,14432,0.1,200
2143,14484,0.3,200
2143,14421,25.0,0
2143,14424,35.0,0
2143,14425,1.0,200
2143,14482,0.3,200
2143,14480,0.3,200
2143,14481,0.3,200
2143,14476,100.0,0
2143,14417,5.0,0
2143,14483,1.0,200
2143,14487,0.3,200
2143,14488,0.3,200
2144,14489,0.3,200
2144,14490,0.3,200
2144,14486,0.1,400
2144,14485,0.3,200
2144,14433,0.3,200
2144,15852,0.3,200
2144,14431,0.1,200
2144,14430,0.3,200
2144,14432,0.1,200
2144,14484,0.3,200
2144,14421,25.0,0
2144,14424,35.0,0
2144,14425,1.0,200
2144,14482,0.3,200
2144,14480,0.3,200
2144,14481,0.3,200
2144,14477,100.0,0
2144,14417,5.0,0
2144,14483,1.0,200
2144,14487,0.3,200
2144,14488,0.3,200
2145,15739,0.2,1000
2145,15738,3.0,300
2145,15740,1.0,800
2145,9710,5.0,200
2145,9714,2.0,300
2145,15741,0.2,300
2146,6361,50.0,0
2146,2702,50.0,0
2146,9863,5.0,0
2146,9811,10.0,0
2147,6361,50.0,0
2147,2702,50.0,0
2147,9863,5.0,0
2147,9811,10.0,0
2148,2300,5.0,0
2148,7048,2.0,0
2148,2312,5.0,0
2148,7055,2.0,0
2148,6361,50.0,0
2148,2702,50.0,0
2148,2308,5.0,0
2148,2296,2.0,0
2148,9811,10.0,0
2148,9863,5.0,0
2148,11890,25.0,0
2149,2301,5.0,0
2149,7041,2.0,0
2149,2313,5.0,0
2149,7030,2.0,0
2149,6361,50.0,0
2149,2702,50.0,0
2149,2309,5.0,0
2149,2297,2.0,0
2149,9811,10.0,0
2149,9863,5.0,0
2149,11891,25.0,0
2150,2298,5.0,0
2150,7034,2.0,0
2150,2310,5.0,0
2150,7055,2.0,0
2150,6361,50.0,0
2150,2702,50.0,0
2150,2306,5.0,0
2150,2294,2.0,0
2150,9811,10.0,0
2150,9863,5.0,0
2150,11889,25.0,0
2151,2299,5.0,0
2151,7030,2.0,0
2151,7056,2.0,0
2151,2311,5.0,0
2151,6361,50.0,0
2151,2702,50.0,0
2151,2307,5.0,0
2151,2295,2.0,0
2151,9811,10.0,0
2151,11888,25.0,0
2151,9863,5.0,0
2152,9816,5.0,0
2152,9828,5.0,0
2152,9820,2.0,0
2152,9824,5.0,0
2152,6361,50.0,0
2152,2702,50.0,0
2152,9863,5.0,0
2152,11890,25.0,0
2153,9815,5.0,0
2153,9827,5.0,0
2153,9819,2.0,0
2153,9823,5.0,0
2153,6361,50.0,0
2153,2702,50.0,0
2153,9863,5.0,0
2153,11891,25.0,0
2154,9814,5.0,0
2154,9826,5.0,0
2154,9818,2.0,0
2154,9822,5.0,0
2154,6361,50.0,0
2154,2702,50.0,0
2154,9863,5.0,0
2154,11889,25.0,0
2155,9813,5.0,0
2155,9825,5.0,0
2155,9817,2.0,0
2155,9821,5.0,0
2155,6361,50.0,0
2155,2702,50.0,0
2155,9863,5.0,0
2155,11888,25.0,0
2156,12128,0.5,0
2156,9477,2.0,0
2156,9487,5.0,0
2156,9498,5.0,0
2156,9509,5.0,0
2156,6363,50.0,0
2156,9512,5.0,0
2156,6253,25.0,0
2156,9492,2.0,0
2156,9811,10.0,0
2156,8062,5.0,0
2156,12778,5.0,0
2156,12324,10.0,0
2157,14906,1.0,0
2157,14907,1.0,0
2157,14908,1.0,0
2157,14909,1.0,0
2157,14905,1.0,0
2157,14904,1.0,0
2157,14821,3.0,0
2157,14828,25.0,0
2157,14822,3.0,0
2157,14823,3.0,0
2157,14832,3.0,0
2157,14824,10.0,0
2157,14831,3.0,0
2157,14825,10.0,0
2157,14826,10.0,0
2157,14834,100.0,0
2157,9811,10.0,0
2157,14337,1.0,0
2158,14880,0.3,0
2158,14873,0.3,0
2158,14881,0.1,0
2158,14862,0.1,0
2158,14861,0.3,0
2158,14860,0.3,0
2158,14859,0.3,0
2158,15015,0.3,0
2158,9796,1.0,200
2158,14879,0.1,0
2158,5521,25.0,0
2158,8120,1.0,200
2159,14880,0.3,0
2159,14881,0.1,0
2159,14862,0.1,0
2159,14861,0.3,0
2159,14860,0.3,0
2159,14874,0.3,0
2159,14859,0.3,0
2159,15015,0.3,0
2159,8412,25.0,0
2159,9796,1.0,200
2159,14879,0.1,0
2159,8120,1.0,200
2160,14872,0.3,0
2160,14880,0.3,0
2160,14862,0.1,0
2160,14881,0.1,0
2160,14861,0.3,0
2160,14860,0.3,0
2160,14859,0.3,0
2160,14846,35.0,0
2160,15015,0.3,0
2160,9796,1.0,200
2160,14879,0.1,0
2160,8120,1.0,200
2161,14875,0.3,0
2161,14880,0.3,0
2161,14862,0.1,0
2161,14881,0.1,0
2161,14861,0.3,0
2161,14860,0.3,0
2161,14859,0.3,0
2161,15015,0.3,0
2161,9796,1.0,200
2161,14879,0.1,0
2161,14847,25.0,0
2161,8120,1.0,200
2162,15032,0.3,0
2162,14884,0.1,0
2162,15029,0.1,0
2162,14883,0.3,0
2162,15027,0.1,0
2162,15030,1.0,0
2162,14882,0.3,0
2162,12752,35.0,0
2162,15031,1.0,0
2162,11886,25.0,0
2162,14819,4.0,0
2162,14878,0.3,0
2162,15028,0.3,0
2162,15000,5.0,0
2162,14886,20.0,0
2163,15032,0.3,0
2163,14884,0.1,0
2163,15029,0.1,0
2163,14883,0.3,0
2163,15027,0.1,0
2163,15030,1.0,0
2163,14882,0.3,0
2163,12752,35.0,0
2163,15031,1.0,0
2163,11886,25.0,0
2163,14819,4.0,0
2163,14878,0.3,0
2163,15028,0.3,0
2163,15000,5.0,0
2163,14886,20.0,0
2164,15032,0.3,0
2164,14884,0.1,0
2164,15029,0.1,0
2164,14883,0.3,0
2164,15027,0.1,0
2164,15030,1.0,0
2164,14882,0.3,0
2164,12752,35.0,0
2164,15031,1.0,0
2164,11886,25.0,0
2164,14819,4.0,0
2164,14878,0.3,0
2164,15028,0.3,0
2164,15000,5.0,0
2164,14886,20.0,0
2165,15032,0.3,0
2165,14884,0.1,0
2165,15029,0.1,0
2165,14883,0.3,0
2165,15027,0.1,0
2165,15030,1.0,0
2165,14882,0.3,0
2165,12752,35.0,0
2165,15031,1.0,0
2165,11886,25.0,0
2165,14819,4.0,0
2165,14878,0.3,0
2165,15028,0.3,0
2165,15000,5.0,0
2165,14886,20.0,0
2166,6257,25.0,0
2166,5407,50.0,0
2166,14832,0.3,200
2166,9298,0.3,200
2166,14831,0.3,200
2166,9480,0.3,200
2166,4229,1.0,0
2166,4248,1.0,0
2166,9398,1.0,0
2166,14833,10.0,0
2166,9811,10.0,0
2167,6257,25.0,0
2167,5407,50.0,0
2167,14832,0.3,200
2167,14968,0.3,200
2167,14831,0.3,200
2167,14972,0.3,200
2167,14976,1.0,0
2167,14980,1.0,0
2167,14984,1.0,0
2167,14833,10.0,0
2167,9811,10.0,0
2168,6257,25.0,0
2168,5407,50.0,0
2168,14832,0.3,200
2168,14969,0.3,200
2168,14831,0.3,200
2168,14973,0.3,200
2168,14977,1.0,0
2168,14981,1.0,0
2168,14985,1.0,0
2168,9811,10.0,0
2168,14833,10.0,0
2169,6257,25.0,0
2169,5407,50.0,0
2169,14832,0.3,200
2169,14966,0.3,200
2169,14831,0.3,200
2169,14970,0.3,200
2169,14974,1.0,0
2169,14978,1.0,0
2169,14982,1.0,0
2169,14833,10.0,0
2169,9811,10.0,0
2172,15032,0.3,0
2172,14884,0.1,0
2172,15029,0.1,0
2172,14883,0.3,0
2172,15027,0.1,0
2172,15030,1.0,0
2172,14882,0.3,0
2172,12752,35.0,0
2172,15031,1.0,0
2172,11886,25.0,0
2172,14819,4.0,0
2172,14878,0.3,0
2172,15028,0.3,0
2172,15000,5.0,0
2172,14886,20.0,0
2173,15032,0.3,0
2173,14884,0.1,0
2173,15029,0.1,0
2173,14883,0.3,0
2173,15027,0.1,0
2173,15030,1.0,0
2173,14882,0.3,0
2173,12752,35.0,0
2173,15031,1.0,0
2173,11886,25.0,0
2173,14819,4.0,0
2173,14878,0.3,0
2173,15028,0.3,0
2173,15000,5.0,0
2173,14886,20.0,0
2174,12752,35.0,0
2174,11886,25.0,0
2174,14819,4.0,0
2174,15000,5.0,0
2174,14886,20.0,0
2175,12752,35.0,0
2175,11886,25.0,0
2175,14819,4.0,0
2175,15000,5.0,0
2175,14886,20.0,0
2176,12752,35.0,0
2176,11886,25.0,0
2176,14819,4.0,0
2176,15000,5.0,0
2176,14886,20.0,0
2177,12752,35.0,0
2177,11886,25.0,0
2177,14819,4.0,0
2177,15000,5.0,0
2177,14886,20.0,0
2178,15120,0.3,400
2178,15122,0.3,300
2178,15121,0.3,300
2178,15123,0.3,300
2178,15124,1.0,300
2178,15125,1.0,300
2178,9797,1.0,200
2178,15132,10.0,0
2178,15114,3.0,200
2178,15116,3.0,200
2178,15117,1.0,300
2178,15118,1.0,300
2178,15115,3.0,200
2178,15113,3.0,200
2178,11084,1.0,0
2178,11075,1.0,0
2178,11077,1.0,0
2178,11072,0.3,200
2178,11073,0.1,400
2178,11076,0.3,200
2178,11074,0.3,200
2178,5510,35.0,0
2178,11334,25.0,0
2178,15131,100.0,0
2178,14337,1.0,0
2179,12752,35.0,0
2179,11886,25.0,0
2179,14819,4.0,0
2179,15000,5.0,0
2179,14886,20.0,0
2180,12752,35.0,0
2180,11886,25.0,0
2180,14819,4.0,0
2180,15000,5.0,0
2180,14886,20.0,0
2181,12752,35.0,0
2181,11886,25.0,0
2181,14819,4.0,0
2181,15000,5.0,0
2181,14886,20.0,0
2182,12752,35.0,0
2182,11886,25.0,0
2182,14819,4.0,0
2182,15000,5.0,0
2182,14886,20.0,0
2183,12752,35.0,0
2183,11886,25.0,0
2183,14819,4.0,0
2183,15000,5.0,0
2183,14886,20.0,0
2184,12752,35.0,0
2184,11886,25.0,0
2184,14819,4.0,0
2184,15000,5.0,0
2184,14886,20.0,0
2185,12752,35.0,0
2185,11886,25.0,0
2185,14819,4.0,0
2185,15000,5.0,0
2185,14886,20.0,0
2186,12752,35.0,0
2186,11886,25.0,0
2186,14819,4.0,0
2186,15000,5.0,0
2186,14886,20.0,0
2187,12752,35.0,0
2187,11886,25.0,0
2187,14819,4.0,0
2187,15000,5.0,0
2187,14886,20.0,0
2188,12752,35.0,0
2188,11886,25.0,0
2188,14819,4.0,0
2188,15000,5.0,0
2188,14886,20.0,0
2189,12752,35.0,0
2189,11886,25.0,0
2189,14819,4.0,0
2189,15000,5.0,0
2189,14886,20.0,0
2190,12752,35.0,0
2190,11886,25.0,0
2190,14819,4.0,0
2190,15000,5.0,0
2190,14886,20.0,0
2192,15036,0.3,0
2192,15035,0.3,0
2192,15039,0.3,0
2192,15040,1.0,0
2192,15038,1.0,0
2192,15037,1.0,0
2192,9796,1.0,0
2192,1863,1.0,0
2192,4502,50.0,0
2193,15036,0.3,0
2193,15035,0.3,0
2193,15039,0.3,0
2193,15040,1.0,0
2193,15038,1.0,0
2193,15037,1.0,0
2193,9796,1.0,0
2193,1863,1.0,0
2193,4502,50.0,0
2194,15036,0.3,0
2194,15035,0.3,0
2194,15039,0.3,0
2194,15040,1.0,0
2194,15038,1.0,0
2194,15037,1.0,0
2194,9796,1.0,0
2194,1863,1.0,0
2194,4502,50.0,0
2195,15019,0.3,0
2195,15021,0.3,0
2195,15034,0.2,0
2195,15033,1.0,0
2195,15024,0.3,0
2195,15026,0.3,0
2195,15017,1.0,0
2195,15020,3.0,0
2195,15022,3.0,0
2195,15023,3.0,0
2195,15025,3.0,0
2195,9796,1.0,0
2195,1863,1.0,0
2195,4502,50.0,0
2197,15173,0.3,0
2197,15175,0.3,0
2197,15176,0.3,0
2197,15174,0.3,0
2197,15178,1.0,0
2197,15168,3.0,0
2197,15177,3.0,0
2197,15187,25.0,0
2197,15171,1.0,0
2197,15170,3.0,0
2197,15172,1.0,0
2197,15169,3.0,0
2197,11062,1.0,0
2197,15165,0.1,0
2197,11058,0.3,200
2197,11057,0.3,200
2197,11060,1.0,0
2197,15183,0.3,0
2197,11059,1.0,0
2197,11335,25.0,0
2197,11342,25.0,0
2197,11341,35.0,0
2197,15090,100.0,0
2197,14337,1.0,0
2198,15152,0.3,0
2198,15155,0.3,0
2198,15153,0.3,0
2198,15156,0.3,0
2198,15158,1.0,0
2198,15146,3.0,0
2198,15157,3.0,0
2198,15149,1.0,0
2198,15162,25.0,0
2198,15148,3.0,0
2198,15150,1.0,0
2198,15147,3.0,0
2198,15164,0.1,0
2198,12446,0.3,200
2198,12445,1.0,0
2198,12444,0.3,200
2198,12443,0.1,400
2198,12442,0.3,200
2198,12441,0.3,200
2198,15163,0.3,0
2198,12440,2.5,0
2198,9942,1.0,0
2198,12435,1.0,200
2198,3903,25.0,0
2198,8121,35.0,0
2198,15091,100.0,0
2198,14337,1.0,0
2200,10645,3.0,0
2200,10558,10.0,0
2200,10641,3.0,0
2200,10592,10.0,0
2200,10594,5.0,0
2200,15137,5.0,0
2200,15138,5.0,0
2200,10642,3.0,0
2200,10636,3.0,0
2200,10591,10.0,0
2200,15135,2.0,0
2200,10598,5.0,0
2200,10595,5.0,0
2200,15139,5.0,0
2200,10635,3.0,0
2200,10593,10.0,0
2200,15182,2.0,0
2200,10557,10.0,0
2200,10556,5.0,0
2200,10596,5.0,0
2200,15136,5.0,0
2200,15088,5.0,0
2201,10641,3.0,0
2201,10558,10.0,0
2201,10642,3.0,0
2201,10592,10.0,0
2201,10598,5.0,0
2201,10594,5.0,0
2201,15137,5.0,0
2201,10636,3.0,0
2201,10645,3.0,0
2201,10591,10.0,0
2201,15182,2.0,0
2201,10595,5.0,0
2201,15136,5.0,0
2201,15139,5.0,0
2201,10635,3.0,0
2201,10593,10.0,0
2201,15135,2.0,0
2201,10557,10.0,0
2201,10596,5.0,0
2201,10556,5.0,0
2201,15138,5.0,0
2201,15088,5.0,0
2202,15135,100.0,0
2202,15105,2.0,0
2202,15182,10.0,0
2202,14337,1.0,0
2202,15301,1.0,0
2202,15088,25.0,0
2209,15232,0.3,200
2209,9796,1.0,0
2209,15258,0.1,200
2209,14314,35.0,100
2209,15190,5.0,0
2210,15230,0.3,200
2210,9796,1.0,0
2210,15257,0.1,200
2210,14314,35.0,100
2210,15190,5.0,0
2211,15229,0.3,200
2211,9796,1.0,0
2211,15260,0.1,200
2211,14314,35.0,100
2211,15190,5.0,0
2212,15242,0.3,200
2212,9796,1.0,0
2212,15265,0.1,200
2212,14314,35.0,100
2212,15190,5.0,0
2213,15235,0.3,200
2213,9796,1.0,0
2213,15262,0.1,200
2213,14314,35.0,100
2213,15190,5.0,0
2214,15233,0.3,200
2214,9796,1.0,0
2214,15261,0.1,200
2214,14314,35.0,100
2214,15190,5.0,0
2215,15236,0.3,200
2215,9796,1.0,0
2215,15263,0.1,200
2215,14314,35.0,100
2215,15190,5.0,0
2216,15240,0.3,200
2216,9796,1.0,0
2216,15264,0.1,200
2216,14314,35.0,100
2216,15190,5.0,0
2217,15246,0.3,200
2217,9796,1.0,0
2217,15269,0.1,200
2217,14314,35.0,100
2217,15190,5.0,0
2218,15245,0.3,200
2218,9796,1.0,0
2218,15268,0.1,200
2218,14314,35.0,100
2218,15190,5.0,0
2219,15244,0.3,200
2219,9796,1.0,0
2219,15267,0.1,200
2219,14314,35.0,100
2219,15190,5.0,0
2220,15243,0.3,200
2220,9796,1.0,0
2220,15266,0.1,200
2220,14314,35.0,100
2220,15190,5.0,0
2221,15255,0.3,200
2221,9796,1.0,0
2221,15271,0.1,200
2221,14314,35.0,100
2221,15190,5.0,0
2222,15227,0.3,200
2222,9796,1.0,0
2222,15270,0.1,200
2222,14314,35.0,100
2222,15190,5.0,0
2224,10645,3.0,0
2224,10558,10.0,0
2224,10641,3.0,0
2224,10592,10.0,0
2224,10594,5.0,0
2224,15137,5.0,0
2224,15138,5.0,0
2224,10642,3.0,0
2224,10636,3.0,0
2224,10591,10.0,0
2224,15135,2.0,0
2224,10598,5.0,0
2224,10595,5.0,0
2224,15139,5.0,0
2224,10635,3.0,0
2224,10593,10.0,0
2224,15182,2.0,0
2224,10557,10.0,0
2224,10556,5.0,0
2224,10596,5.0,0
2224,15136,5.0,0
2224,15088,5.0,0
2225,15133,100.0,0
2225,15135,4.0,0
2225,15182,5.0,0
2225,14337,1.0,0
2225,15088,10.0,0
2228,15252,3.0,0
2228,15248,1.0,200
2228,15238,1.0,200
2228,15250,3.0,0
2228,15141,3.0,0
2228,15142,3.0,0
2228,14337,1.0,0
2262,15322,0.3,400
2262,15323,0.3,400
2262,15324,0.3,400
2262,15325,0.3,400
2262,15327,1.0,400
2262,15326,3.0,200
2262,15317,3.0,200
2262,15320,1.0,400
2262,15333,10.0,0
2262,15318,3.0,200
2262,15319,3.0,200
2262,15321,1.0,400
2262,13127,100.0,0
2263,15344,1.0,0
2263,15356,25.0,0
2263,15342,1.0,0
2263,15343,1.0,0
2263,15354,1.0,0
2263,15357,25.0,0
2263,15341,1.0,0
2263,15340,1.0,0
2263,15339,1.0,0
2263,15355,1.0,0
2263,15361,0.1,0
2264,15344,1.0,0
2264,15356,25.0,0
2264,15342,1.0,0
2264,15343,1.0,0
2264,15354,1.0,0
2264,15357,25.0,0
2264,15341,1.0,0
2264,15340,1.0,0
2264,15339,1.0,0
2264,15355,1.0,0
2264,15361,0.1,0
2265,15344,1.0,0
2265,15356,25.0,0
2265,15342,1.0,0
2265,15343,1.0,0
2265,15354,1.0,0
2265,15357,25.0,0
2265,15341,1.0,0
2265,15340,1.0,0
2265,15339,1.0,0
2265,15355,1.0,0
2265,15361,0.1,0
2266,15353,1.0,0
2266,15352,1.0,0
2266,15351,1.0,0
2266,15350,1.0,0
2266,15366,1.0,0
2266,15367,0.2,0
2266,15349,1.0,0
2266,15347,3.0,0
2266,15348,1.0,0
2266,15346,3.0,0
2266,15345,3.0,0
2266,15362,10.0,0
2266,13127,100.0,0
2267,8216,1.0,0
2271,15551,0.3,0
2271,15550,0.3,0
2271,15549,0.3,0
2271,15555,3.0,0
2271,15547,1.0,0
2271,15546,1.0,0
2271,15556,1.0,0
2271,15559,25.0,0
2271,15545,3.0,0
2271,15544,3.0,0
2271,13127,100.0,0
2272,15505,0.3,0
2272,15508,0.3,0
2272,15507,0.3,0
2272,15489,3.0,0
2272,15504,1.0,0
2272,15503,1.0,0
2272,15512,1.0,0
2272,15510,25.0,0
2272,15502,3.0,0
2272,15497,3.0,0
2272,15571,0.3,0
2272,9287,35.0,0
2272,9286,35.0,0
2273,15564,0.3,400
2273,15563,0.3,400
2273,15562,0.3,400
2273,15565,1.0,300
2273,15560,1.0,200
2273,15554,1.0,200
2273,15566,1.0,300
2273,15567,25.0,0
2273,15552,3.0,200
2273,15543,3.0,200
2273,10090,0.3,200
2273,10088,1.0,0
2273,10094,1.0,0
2273,10087,1.0,0
2273,10071,5.0,0
2273,10095,1.0,0
2273,10093,0.3,200
2273,10091,2.5,0
2273,10089,1.0,0
2273,10070,25.0,0
2273,10092,1.0,0
2273,10069,35.0,0
2273,10086,25.0,0
2273,13127,100.0,0
2273,4262,0.1,400
2273,4266,0.1,400
2273,4263,1.0,200
2273,15597,80.0,0
2273,4264,0.1,400
2278,15571,0.3,0
2278,9287,35.0,0
2278,9286,35.0,0
2279,15571,0.3,0
2279,9287,35.0,0
2279,9286,35.0,0
2280,15571,0.3,0
2280,9287,35.0,0
2280,9286,35.0,0
2282,15594,25.0,0
2282,15462,0.3,200
2282,8120,1.0,200
2282,10399,25.0,0
2282,10397,50.0,0
2282,10401,25.0,0
2282,10398,25.0,0
2283,15594,25.0,0
2283,15462,0.3,200
2283,8120,1.0,200
2283,10399,25.0,0
2283,10397,35.0,0
2283,10401,25.0,0
2283,10398,25.0,0
2284,15594,25.0,0
2284,15462,0.3,200
2284,8120,1.0,200
2284,10399,25.0,0
2284,10397,35.0,0
2284,10401,25.0,0
2284,10398,25.0,0
2285,15491,0.3,0
2285,15490,0.3,0
2285,15488,0.3,0
2285,15492,3.0,0
2285,15486,1.0,0
2285,15485,1.0,0
2285,15483,3.0,0
2285,15494,1.0,0
2285,15495,25.0,0
2285,15481,3.0,0
2285,13127,100.0,0
2286,15540,0.3,200
2287,15540,0.3,200
2287,10323,0.3,200
2287,10326,1.0,0
2287,10324,1.0,0
2287,9602,25.0,0
2287,10325,1.0,0
2287,9791,35.0,0
2288,15540,0.3,200
2288,10323,0.3,200
2288,10326,1.0,0
2288,10324,1.0,0
2288,8375,25.0,0
2288,9602,25.0,0
2288,10325,1.0,0
2288,9791,35.0,0
2289,15567,25.0,0
2289,15539,0.3,200
2289,10090,0.3,200
2289,10088,1.0,0
2289,10094,1.0,0
2289,10087,1.0,0
2289,10095,1.0,0
2289,10093,0.3,200
2289,10091,2.0,0
2289,10089,1.0,0
2289,10069,50.0,0
2289,10070,25.0,0
2289,10086,25.0,0
2289,10092,1.0,0
2289,15597,5.0,0
2290,15567,25.0,0
2290,15539,0.3,200
2290,10090,0.3,200
2290,10087,1.0,0
2290,10094,1.0,0
2290,10088,1.0,0
2290,10071,2.0,0
2290,10095,1.0,0
2290,10093,0.3,200
2290,10089,1.0,0
2290,10091,2.5,0
2290,10069,35.0,0
2290,10086,25.0,0
2290,10092,1.0,0
2290,10070,25.0,0
2290,15597,5.0,0
2291,15567,25.0,0
2291,15539,0.3,200
2291,10090,0.3,200
2291,10087,1.0,0
2291,10094,1.0,0
2291,10088,1.0,0
2291,10071,2.0,0
2291,10095,1.0,0
2291,10093,0.3,200
2291,10089,1.0,0
2291,10091,2.5,0
2291,10069,35.0,0
2291,10086,25.0,0
2291,10092,1.0,0
2291,10070,25.0,0
2291,15597,5.0,0
2304,15356,25.0,0
2304,15344,1.0,0
2304,15342,1.0,0
2304,15343,1.0,0
2304,15354,1.0,0
2304,15341,1.0,0
2304,15357,25.0,0
2304,15340,1.0,0
2304,15339,1.0,0
2304,15355,1.0,0
2304,15361,0.1,0
2314,15609,0.3,200
2314,15611,0.3,200
2314,15612,0.3,200
2314,15613,0.3,200
2314,15599,0.3,200
2314,15614,0.3,200
2314,15600,25.0,200
2314,15567,25.0,0
2314,10069,50.0,0
2314,10086,25.0,0
2314,10070,25.0,0
2315,15609,0.3,200
2315,15611,0.3,200
2315,15612,0.3,200
2315,15613,0.3,200
2315,15599,0.3,200
2315,15614,0.3,200
2315,15601,2.0,200
2315,15600,25.0,200
2315,15567,25.0,0
2315,10071,2.0,0
2315,10069,35.0,0
2315,10086,25.0,0
2315,10070,25.0,0
2316,15609,0.3,200
2316,15611,0.3,200
2316,15612,0.3,200
2316,15613,0.3,200
2316,15599,0.3,200
2316,15614,0.3,200
2316,15601,2.0,200
2316,15600,25.0,200
2316,15567,25.0,0
2316,10071,2.0,0
2316,10069,35.0,0
2316,10086,25.0,0
2316,10070,25.0,0
2317,15624,0.3,400
2317,15623,0.3,400
2317,15622,0.3,400
2317,15625,1.0,200
2317,15616,3.0,200
2317,15617,3.0,200
2317,15619,3.0,200
2317,15620,1.0,200
2317,15621,1.0,200
2317,15602,25.0,200
2317,15600,25.0,200
2317,15601,2.0,200
2317,15567,25.0,0
2317,10071,5.0,0
2317,10086,25.0,0
2317,10069,35.0,0
2317,10070,25.0,0
2317,13127,100.0,0
2317,4264,0.1,400
2317,4262,0.1,400
2317,4266,0.1,400
2317,4263,1.0,200
2329,8216,1.0,0
2332,8216,1.0,0
2333,8216,1.0,0
2334,8216,1.0,0
2335,8216,1.0,0
